perm50_V,dr_V,ca50_V,Rsys,Rpulm
0.40875703128805485,0.15825502891887977,0.41136230710136484,2.3614565176118667,2.623096085020604
0.4209522354141968,0.1589663617040765,0.44404106153375644,2.2010574566781362,2.575848618203108
0.3345691026733331,0.17135897740409095,0.5779703698887698,2.2108856460706794,2.535385972756797
0.3707019065872387,0.17454038325831475,0.5210190017433782,2.282946674420464,2.527983038729918
0.3940695500963798,0.17140087289164152,0.4812873659573205,2.37029827549124,2.560294493789743
0.3946086431946222,0.15814688946903227,0.4363191167439141,2.3204737584774096,2.5720340207425636
0.30570781456364493,0.1656010494624693,0.5960547799698457,2.3137148591102803,2.615360620947258
0.38692527219854056,0.1585636156576105,0.5004187453907294,2.32137922627396,2.587999880842444
0.3976557782178551,0.1692530264350999,0.43731471814354833,2.250349162048189,2.495329198620554
0.405400061093904,0.15440718628182584,0.42186647137703187,2.488933045898484,2.620451318637825
0.3658118798181112,0.16205298143264887,0.5314121561289953,2.3713395361205043,2.560068695808492
0.26629802931467694,0.15345540459360543,0.7078152540173561,2.3718049206628518,2.6361930342930346
0.3141372848069528,0.16753393107535605,0.5689607100388394,2.27302389418598,2.6231177891858453
0.4059490594392386,0.15332751400647904,0.41371431612826637,2.3358188021442055,2.612781213608863
0.42873855716066694,0.15799666954645733,0.4030054838692542,2.2757204605041705,2.5787164796776136
0.42682814726004853,0.17286506630956003,0.40843480003936217,2.2558456108953853,2.6375728703352124
0.4170565604359839,0.1608064175767973,0.4148962689852238,2.2096936597326264,2.661302445855824
0.41649534935724136,0.16764563109545239,0.4108106930986865,2.1890280515725222,2.536260563656372
0.35763727881004437,0.15135933085470107,0.4849640741782486,2.37077785273293,2.7257649035016294
0.27974694453902677,0.14704091835541222,0.6611732869253423,2.258148649262036,2.625157634365859
0.3442198248566901,0.15368011074321605,0.5547292447118617,2.4280887069549606,2.6861823278574253
0.28902284136500084,0.1432157825890898,0.5872956351897234,2.4068888656405045,2.796968802507715
0.2438050149217512,0.1375826382636582,0.6861222848419408,2.5195613650410964,2.9149484135601726
0.3964106267436534,0.1417897915535613,0.5130203646586382,2.221886998260457,2.6767597064436295
0.3525117342048994,0.1742606477336605,0.539446524506985,2.34973240997567,2.593351599624989
0.34522721536731193,0.14206738958142942,0.5426653343764266,2.425155192168793,2.724049211763783
0.40587844200468076,0.17662225635199785,0.4803138623733996,2.079182561071248,2.4224814432282447
0.43567007131464874,0.17273772889011485,0.44352255754292735,2.144489071930132,2.525665284634885
0.38157268777550357,0.15863143593908569,0.5320351442175053,2.1772094838475358,2.594575371042943
0.4389297513340102,0.17382138331588148,0.42481693145930954,2.1948882143732877,2.577066884292259
0.3699068706336659,0.18042038460616772,0.5442104308324917,2.1157876916059,2.4764451794261126
0.40500260600446764,0.16665224298987996,0.4664875184499652,2.151872872403773,2.51071070156065
0.4086325827154834,0.16381769874251845,0.4430068200481583,2.258358776717366,2.607969292433723
0.33429179091648553,0.1506594658501603,0.5484662727282845,2.4323499809031652,2.790109749966901
0.4306353392583475,0.18032869210377217,0.4080261176883912,2.208774449692152,2.5068520661662346
0.3825438474279982,0.15033784736756417,0.5388697533700697,2.188432326869785,2.626271927916654
0.4362264463488528,0.15251678622776085,0.40226914445768147,2.2858604498576165,2.7398906964317415
0.4444623354280299,0.1499328495317935,0.40103532874789066,2.3353679839363344,2.7236446836346584
0.4135494185144701,0.15073579685005567,0.4222005712903338,2.288100639053742,2.715172391198298
0.2628260753494235,0.13138044734582002,0.7192308877574077,2.383739103574633,2.6652103449078592
0.2628260753494235,0.13138044734582002,0.7192308877574077,2.383739103574633,2.6652103449078592
0.4047662718618199,0.16728758792463352,0.4201223107992681,2.3758794479653584,2.698159584565466
0.329912343715992,0.16175013975127395,0.562604611140373,2.273594874321306,2.65438134185314
0.3238827542720318,0.15335697629296707,0.5420616816734248,2.4205078411967613,2.6859373910142312
0.2791126727765702,0.15316981150345216,0.5925253952775832,2.4026874991662703,2.7132171823461424
0.2586893498851796,0.1425342416275053,0.6491193989449311,2.5451199407431973,2.7977259450655128
0.2659421514720797,0.14614532971580335,0.6591407538360481,2.4250081548596016,2.754554891773131
0.35207808582557254,0.15330503242402935,0.5666869434840119,2.2010254466976784,2.5619255394972447
0.322795974631438,0.13472597405057396,0.5163327940606639,2.538775864990297,2.8947199644771544
0.2919787501162043,0.13397116280710514,0.6014268609098248,2.569387695418142,2.9161991699545062
0.30024491289897687,0.13505684741277446,0.5845323514472616,2.578922308658612,2.8918868821632593
0.33507347514942704,0.1390712199033798,0.5116267724511785,2.5552674624975946,2.8239370703569726
0.3311131538434268,0.13851398479989396,0.5658891216112316,2.4138806087274585,2.6923202595438678
0.33860221378460165,0.16159929880134188,0.5702896503710803,2.26998758633589,2.6378598383855567
0.36114017360354983,0.16734795345432127,0.5257526011958984,2.2398386513738515,2.586167775823993
0.3338379687612708,0.15858462153929848,0.6108317480719013,2.3159355164987367,2.6576798881829133
0.45311692116624797,0.15040386739415512,0.3822180223031702,2.292985482744557,2.633864328284117
0.44167507117491334,0.1428190000972776,0.3891673493667499,2.3535049536774975,2.70125938795696
0.44265963426291555,0.14862701896159852,0.3862306210624875,2.375267033601636,2.659737006566427
0.3902922960591411,0.1376105344471303,0.48401670059337126,2.2139885891819153,2.6011740248918938
0.35006507450848773,0.13610320540192886,0.5260695558967711,2.4468442582169403,2.7284850807242145
0.2927620147267988,0.17409743729239233,0.6550472114325903,2.191961264685911,2.5746935476335073
0.3794325086193218,0.14455293185165713,0.45107781090251875,2.43033217464252,2.6608081715660545
0.42646435225521506,0.1607578364187706,0.4039943234437863,2.34655603291102,2.5543346491910017
0.4168242690751983,0.16135957699500297,0.41413820846867855,2.2452408107505653,2.504086859465437
0.44006807855168767,0.1655874729237497,0.399568995358404,2.265252520819064,2.5202946307619487
0.4161515286730416,0.16946437060603536,0.4374680039770852,2.172830021019502,2.4832593368737164
0.32111626509677965,0.15380355624404865,0.5149770282114634,2.6153193357625852,2.8111377061477696
0.3822589271533389,0.1440371015685544,0.4463500253769533,2.440198521604242,2.7834242522360695
0.3251972888019581,0.14587588075219723,0.5422352080786034,2.296521937456303,2.7683559717741963
0.37019775090735213,0.14468463264999276,0.5066289992276887,2.471095219451735,2.6982923830077987
0.36278144980251953,0.1505434736341002,0.47835646218714317,2.3592838557482034,2.6934568821781473
0.41450981626102196,0.1637791407212565,0.45875089458170293,2.18594182856504,2.5480330912498794
0.3951300882659823,0.16250984957448544,0.47811198807650845,2.164786634871674,2.580435468119756
0.4666040868845649,0.17751011969877295,0.3965527336651978,2.0778325483921862,2.463067381762866
0.46114577182694044,0.17693205913068877,0.39926625778303126,2.084768146737873,2.4725160862496938
0.4205294837053704,0.15860745140074348,0.3929178592682203,2.317340210629905,2.6575638947682436
0.446226314682226,0.17460425768000123,0.3891013826902671,2.1500640105979647,2.506742536346962
0.3034392476022801,0.15863141695874441,0.5883049593903232,2.3492314314113587,2.6495021852128087
0.4242408597128373,0.16643345447687108,0.46058077170832673,2.207213515470797,2.490818478301757
0.39490979287838957,0.17617172324494407,0.4992806345109549,2.2061856094056833,2.4998242590678164
0.38168924613775956,0.15883447206927825,0.47508678356803646,2.313748261922445,2.592514217525321
0.3583280873447224,0.14616398064377473,0.5398368574818256,2.2279577195308504,2.696953058244151
0.4055748256796145,0.17755662298754596,0.4577496411342212,2.2489984551903808,2.511781111129755
0.3133541288225438,0.14292107034199453,0.6217187391485713,2.3308924538070497,2.693365594711831
0.3029314812008312,0.16048606547779307,0.6067776954054181,2.296272312325307,2.6617856469342773
0.4314541960747406,0.16403839230461473,0.43362500959695655,2.2178872204561677,2.56345845602755
0.36268671101917827,0.15409865956468902,0.5207553131209899,2.2711809128192226,2.5625584914570236
0.33601566704939095,0.16087895497851903,0.5810467282273567,2.2261933498084523,2.65880197553987
0.41257042870769833,0.17889214190534214,0.4870233062595763,2.0720764338160533,2.397873786583246
0.32875159199595594,0.15907605186572668,0.5843152428782519,2.1646804335279355,2.665304258509004
0.3309920816166533,0.15126273271051613,0.5380506747539651,2.2025330188886527,2.718949564784822
0.2595870673874195,0.14266097190919483,0.7088176618900203,2.372754190850712,2.798423441301594
0.45189672405544823,0.17369917092525808,0.42524306511845883,2.16669762921834,2.4745144001384474
0.416884054739332,0.16423338714813182,0.47149837826846586,2.116910777959902,2.585997181533869
0.4008991023354414,0.16577591532945837,0.5475538439750894,2.089776195602293,2.612244337273325
0.4396878689025953,0.16158057999848532,0.4056715663384776,2.0975891693008095,2.552674376507759
0.4381832449519272,0.16365680751329328,0.3981561114265646,2.2721936582112634,2.559112384944854
0.36816307985987035,0.16837705034581496,0.5257186887331082,2.210393747856082,2.5391650393700482
0.3731043186699598,0.15363868984195422,0.5225658998328683,2.2373521268168637,2.7104547563071515
0.3958252832926149,0.15915108546348472,0.48259286642672633,2.276832658027791,2.668672043165289
0.3954550368451374,0.1590665481720404,0.4646364061840642,2.3168079990185935,2.5911029753978214
0.3286062969448433,0.16890276714514338,0.5519135406975962,2.368975009957816,2.5826914385921302
0.3174851750409183,0.16445575845229163,0.5466975109377148,2.4263157142475453,2.6299662091541367
0.32281163854655315,0.16310289134001046,0.5849544539477795,2.3229972807626513,2.583900836024984
0.3901912773331097,0.15924691416580916,0.47287871917418517,2.2707965078872148,2.6110407060350806
0.3970772267599227,0.1641046486427489,0.45887750881912753,2.228116605550716,2.6412582211542803
0.2224854569724169,0.14912464418682378,0.7158203928383439,2.4031163352809806,2.7154720209779413
0.22496070650656655,0.1484555322823783,0.7212487129191305,2.4206024104881725,2.719923927549693
0.22496070650656655,0.1484555322823783,0.7212487129191305,2.4206024104881725,2.719923927549693
0.21560393064264607,0.1459069753365879,0.7668077631793454,2.475054160247592,2.779965746528281
0.2526452070185786,0.14329238120050902,0.7238805266455361,2.2221249817647597,2.6426046503957656
0.24198868334746368,0.14180304554434658,0.7832004800327754,2.252707962647452,2.675465650963953
0.2660858347593011,0.138874549494353,0.6520804298849887,2.4204696063125786,2.7707638596025426
0.2615577027028296,0.14061501278627336,0.6589980305979231,2.4884056110083765,2.7387413793866515
0.2912178586181311,0.14290105598923936,0.6501368439788121,2.342429005494141,2.6636813806826836
0.4181232899014811,0.1582873096187027,0.44777169667774946,2.31051733749321,2.5833697040790127
0.40336588419837016,0.19282692808368132,0.41303126461179857,2.1502229061441867,2.5360586150215862
0.3386894764407092,0.12793793272552034,0.5591496486046227,2.484811384826927,2.7743164504081994
0.3900887902232012,0.13006319626268337,0.39403405793822244,2.5214191411219313,2.755922010486633
0.34443408850400387,0.13349345529088863,0.5360541466479439,2.2555397909373354,2.7200866033302242
0.39084988140478844,0.14070830487359257,0.4378611947499445,2.478614487622729,2.688240604739999
0.3809732362663882,0.15686587955567288,0.5272536930265901,2.192432295253435,2.6244417464223573
0.30335304452624007,0.14833538576741806,0.6237562313646016,2.3284640935961978,2.711942813726368
0.3948756558524324,0.15709547560441806,0.4439402505990307,2.4585631501462535,2.7221962664812462
0.4228069757553314,0.1686596677760587,0.40246347853210557,2.279313519119366,2.5961620394387017
0.39890915363793505,0.16529480352166903,0.4290021957374797,2.2594860613147985,2.58902122992075
0.40437916873325763,0.1664690491798979,0.44855620477021846,2.3405016704201533,2.618052826379455
0.3916049781181438,0.1475962715398966,0.4401040525100156,2.280774512124456,2.7195431117833206
0.38143878922753754,0.1370199905934589,0.5149749550324874,2.327704740173016,2.649146395319744
0.34620691761363115,0.13399435960402753,0.5467168135372503,2.4058106312193472,2.7756203392944396
0.3477245724565885,0.1376659921913798,0.4596409309862978,2.5687088957467594,2.7950514664691464
0.41074155193290096,0.14870334939792876,0.4398906121760771,2.3163078451926964,2.5808831180487273
0.39762780401659664,0.143788893543139,0.5097817679196572,2.2520912104449478,2.612771761720636
0.38106895376051875,0.14696445753544077,0.5451240062545827,2.2234780141296113,2.5795765359689566
0.4362680406311249,0.16554799693264133,0.41882784129820005,2.067067865727835,2.517181279265433
0.39369120584333556,0.1514621289405494,0.4879313079006142,2.2543694421147307,2.668967764217834
0.40426023835928215,0.16393630229380396,0.48137101618074696,2.163331282771581,2.573973108547951
0.28506030513747127,0.15355596959729553,0.6623864306640533,2.4092325904992,2.633720304701202
0.396302221922622,0.15271258765457393,0.47836740689553453,2.4179604963216446,2.61486641902843
0.3760495971733719,0.15609358716339347,0.509116567039827,2.399004263037166,2.6074285312605525
0.40484568154546896,0.15749362803953135,0.44365724992860733,2.3854227190612307,2.6127379651169558
0.333413272285017,0.13860174409415874,0.5056992236492368,2.474663510889397,2.8373650088252536
0.3017882109679185,0.1381478393106903,0.6063164669091244,2.474477216276765,2.8292262765035363
0.4287701862701257,0.16152737325869732,0.40207467836376803,2.450187292223236,2.6339537935871156
0.328239116159211,0.169062113716695,0.5404013887901511,2.1909940096347067,2.5235376233899056
0.30917784594740183,0.1676038555614299,0.6469012929597597,2.1112881057788284,2.5136744580286106
0.33553167841104004,0.15572453780060508,0.551491913777872,2.4028416970797255,2.634338998203804
0.41535479713988865,0.16465726580836573,0.44033572205910815,2.2100520829293795,2.5753113188866483
0.42831607427451973,0.16157010562300517,0.4234118320788083,2.2096663207352325,2.600539551649138
0.4347120146322343,0.1743804049152494,0.45588361199940775,2.1941920726685473,2.524740346650586
0.41868447577548656,0.18073213773002797,0.41319270240929634,2.1429812813625984,2.496759831835899
0.4342908122346798,0.18100586383624043,0.40127633304638677,2.2090662764603772,2.521622307631857
0.40964329222631934,0.1835523323730984,0.41819817719887714,2.2584198625780836,2.520679071573735
0.38773390273079306,0.1438464469628886,0.4284724771894856,2.415470638030601,2.6622013024863502
0.3690228790497546,0.14353840806065096,0.5595707736112079,2.2490591153033415,2.7268628572161773
0.3206187203767186,0.14733525530584948,0.5394571276519975,2.498133195302417,2.6606128474865085
0.3988913061831957,0.16187718058008232,0.4605810271317196,2.1602386211126783,2.609609158815138
0.45340305113166396,0.16967997232429977,0.40258523439420024,2.2413772530649685,2.6143081743405916
0.43823419600603747,0.16433768995160353,0.4207810595959387,2.2610531677389334,2.6232735641118854
0.4129066243138388,0.1722364645516108,0.40164325251992716,2.34962303749735,2.554139150249049
0.3242965248200172,0.15248190257046607,0.5832106610447172,2.399920664543684,2.6495356143734683
0.3450339454843346,0.1639424384911503,0.5854950159563408,2.1901804375721152,2.5657921653960662
0.4418525392405792,0.15272165666100135,0.40485160191014236,2.252523155916955,2.620633302902489
0.3524327874036837,0.16518375410053024,0.5368923075910045,2.251822866896504,2.638902443108384
0.3261561269795647,0.16183002952377584,0.6080319640118884,2.281990323263702,2.660088248710815
0.4441377849084987,0.1542901949572004,0.40469795592156244,2.2438046541401317,2.5667580257382565
0.39226936306454796,0.14553079157897647,0.42061420688924667,2.4481046950123666,2.819092857747663
0.3358203334158375,0.14973278575790597,0.5905871122428149,2.3095499467995673,2.70304409489178
0.40707606571406857,0.1690325990456846,0.4352202063666383,2.2856312001580417,2.5272685591148196
0.4458186615052667,0.16826860126077245,0.39436783138527415,2.251019955323866,2.5479891835784856
0.32973827056110483,0.1588896287961532,0.5411711465497997,2.426002899152927,2.764478345860638
0.4319940375778739,0.16898280859451392,0.4156688044259101,2.2813639161317094,2.642698227159545
0.3209679688278939,0.15531313336358074,0.57588875793106,2.3272556891812295,2.5767088423739652
0.3281071675431219,0.15651381079618962,0.5814460652722728,2.34007317087581,2.555516547138922
0.30954812642140656,0.16122118614447498,0.5814215402477404,2.3735964406827743,2.7222033419300344
0.3066181803741548,0.14374228842567655,0.5569452736227121,2.410899002194664,2.7406661048115035
0.4307007633177362,0.15163223840450504,0.40232447949334477,2.194289795352191,2.5554495591991246
0.4588306346977417,0.15974700859114654,0.38248347179141823,2.137821711597707,2.509072851964825
0.4306628929763522,0.1548342916753165,0.3961185309406501,2.3106049627137395,2.667634678190458
0.4324814588517157,0.1593008377777784,0.44085768161837247,2.124384542323658,2.574201242847303
0.37869595939963435,0.16095419445034836,0.5146707536246561,2.237949722515705,2.6287450729731066
0.3183525869479865,0.1487855574337039,0.571676499835612,2.4368192396634965,2.698937019608455
0.4765236676446068,0.16083464355684238,0.39632355696262356,2.0715695025872916,2.542423307376833
0.23296883996058826,0.13676077015096566,0.7198253538791998,2.5097467723055176,2.7604223809144006
0.27087339092818447,0.15324603497698336,0.6913838112205452,2.257897647766829,2.563977849634888
0.37031448875507156,0.17128685650733122,0.49596433587930866,2.4178448263484436,2.6068415240440026
0.3895718431659473,0.17277982299318037,0.4563275979082519,2.397007334367983,2.6049932226146475
0.3290908265659215,0.13937381396203963,0.5888081415397738,2.2118525407679406,2.6830765378926595
0.34989830561291096,0.147062858501713,0.4934788862483836,2.3740240241809545,2.6474939661647974
0.418555849043473,0.15504244837091397,0.4343978773513263,2.408086078125834,2.711850857436369
0.24059487089377543,0.15750785222094174,0.7756773444424286,2.2158979473185116,2.5503771038895757
0.29539630097924946,0.16264395061154147,0.6304069393133113,2.26708948231946,2.5728509408896088
0.28724520978537255,0.16244363683451019,0.6441330927154463,2.318610176345567,2.572979540159564
0.2744514741144277,0.1435681722283492,0.6498579287933611,2.4602377354361815,2.741736340689009
0.29832499130966605,0.14970950098764185,0.6502099340389815,2.229039120834794,2.585337988258763
0.4357352945699136,0.1527966017049372,0.43589696878913675,2.3518878895836157,2.645918366344108
0.3377571618039106,0.14796592070603107,0.5501910483185264,2.1939593777917605,2.6578264599133794
0.3277534414987872,0.14555575074010993,0.5916923513770987,2.2278270897851504,2.682289405966303
0.24446598711935988,0.14198667856398967,0.6316443472462521,2.4456025162168453,2.7580552384167896
0.2253739190919463,0.1402755772397568,0.7649341078014134,2.3578333183036913,2.713949057532511
0.29423576698341214,0.1363808816721178,0.6049691461254728,2.380703624487522,2.7934908957042945
0.42828644356136814,0.14973344992295165,0.4434554353086507,2.3220435225367044,2.6839324280303183
0.2718805784666447,0.13764552282820103,0.7278518321354057,2.3113953359393067,2.732293199413386
0.34297979833589,0.13757441364338222,0.5689186185304622,2.419147725546811,2.6912687844971463
0.37935557571599815,0.1417133986861004,0.43083282329512956,2.5462544295409435,2.731410672564759
0.3236382939642317,0.16901956624326425,0.5703817443773657,2.3078883795184697,2.591231695016249
0.4560713778876862,0.16227794527751896,0.4190320257664571,2.114578855243529,2.435708786827017
0.4559821297807076,0.1801767967846448,0.4049023407223891,2.11488263537094,2.4476338238839777
0.4651869387773651,0.18487385913908877,0.40455447293540253,2.0706631080318205,2.411403450226005
0.2393138470052294,0.14417947063602257,0.6976660541179862,2.450248630490722,2.755672493664146
0.22527978712596433,0.1484123152565133,0.7412399674192051,2.4051056999918123,2.72237785140467
0.22527978712596433,0.1484123152565133,0.7412399674192051,2.4051056999918123,2.72237785140467
0.2508932994304655,0.14801585119169353,0.638713363889026,2.3888907550837857,2.6891282412604194
0.2658744731065115,0.1553360793489023,0.686280793116217,2.2543428503363363,2.6253837387171095
0.40902648778426914,0.15408586260629586,0.44880475246437757,2.393619470575073,2.642499275448279
0.370494796055023,0.15330932832317853,0.49842512220687946,2.437584258056716,2.6885124202663526
0.3543951252524726,0.16189894529546364,0.5202382936936117,2.283465966071804,2.56269549054926
0.38971992445352477,0.1534888342968162,0.4740219760637211,2.2618421117045293,2.547863190614392
0.3112968814392199,0.16250110583859245,0.6045474912360286,2.3753506499766184,2.6710965580366053
0.4344284377756584,0.1652499313203523,0.39681143042095207,2.2356166650815994,2.4855473733515154
0.4530867888569726,0.17110108257778447,0.3827733679565868,2.173219316599297,2.4765511923260015
0.4343935954799788,0.16003098677074043,0.38629271339087745,2.364255490780062,2.643926859538688
0.43409021644244916,0.16025602769669547,0.38071828780841704,2.3872811830731613,2.577582491926192
0.4209306657898394,0.15948119191481225,0.39018389039263474,2.4060271245538623,2.5699799035520448
0.427015001566731,0.1667342464810541,0.3917976199966106,2.3163572080330357,2.5391661581560783
0.4251837764475554,0.15239597388664047,0.3930090077772962,2.347406350536501,2.5803994227253635
0.46022662120103963,0.15997296266844346,0.39215147793015775,2.151239356302707,2.5125253201986446
0.4588328419731092,0.1751625810804386,0.3884525960879307,2.1407875521054707,2.553783091353806
0.43817792247584003,0.16559851457997596,0.3930162249682212,2.3630237363221784,2.5376539704878422
0.46788767289035454,0.16129802889525852,0.3821701907936374,2.1356995863268264,2.5344705062638986
0.4077654413335481,0.14076245893543826,0.3952006315712291,2.3223371905181525,2.7499516143605085
0.3887998244750613,0.18335117883463314,0.5331338070565965,2.193428775755218,2.4828530291352027
0.4154541515814469,0.183244932882808,0.4763050924842396,2.19750960893437,2.450534907385609
0.3379511781935218,0.1546350890552267,0.5043872418111193,2.361458383871339,2.601067242017375
0.31878553391214237,0.14055082994643664,0.62654099483167,2.4568682341702295,2.7303209653659746
0.46448955008314946,0.16880200970091933,0.37688783522910285,2.1298297245809676,2.5769871704218015
0.4070365176752971,0.1714656041573211,0.40708309863146425,2.275967239653464,2.534530760355353
0.4364885630430681,0.17363129929519425,0.3921717427494272,2.3592007660835628,2.5296977980721946
0.4092959612500019,0.14790369112071214,0.39303893901431,2.3962958064515534,2.658710008349537
0.4368054150181078,0.14704511293524583,0.3775898546636198,2.43895878056899,2.700088055524915
0.4513898382205788,0.157379799374692,0.3754464381340487,2.2947060736793707,2.548857860026666
0.42245658715993056,0.16388556499323856,0.39687684952860813,2.2307982054157254,2.5932919806564563
0.39778326734275177,0.16516573896747497,0.49072173806474034,2.1553270143593166,2.529598077300003
0.41620209225098836,0.1708047655074632,0.4639660637124523,2.128931026273217,2.52820331641006
0.36223873853278565,0.14799473403110153,0.47618690079384896,2.394871411848988,2.736398112847533
0.43409345759405,0.17856052398956493,0.4202048952540748,2.147287201374899,2.4471599662804
0.34269160951786154,0.1586161407151876,0.4965491688249395,2.367612299632104,2.658405355522221
0.45009864531915633,0.16568301019777254,0.43423498486945944,2.055481157464553,2.5302239482245104
0.4290279063632341,0.15889679060923037,0.4853450305674411,2.063785909083483,2.5547364648116395
0.3479507797326172,0.1640221339035153,0.5143922455176532,2.4678503786619164,2.597522737914994
0.39225925538556694,0.16649946258198547,0.4350897756073486,2.354430087995386,2.55582987823761
0.3407599428605369,0.15996187719823673,0.5287092443329741,2.3750554537029305,2.605143379332339
0.35080504942554375,0.17679908616898135,0.5278584948192714,2.2470121435809927,2.5759988552191713
0.3482379748748232,0.17087747155306618,0.5625726519702359,2.2358598531387512,2.5283744513717528
0.32913166143195716,0.1740570625603505,0.5780271634414164,2.2828418629616065,2.5291836222732336
0.3500526649216757,0.18068252303346738,0.5534099393467212,2.2392015063473627,2.489572839728136
0.26248960308484426,0.15588762211312632,0.7051799471379874,2.3305524284324015,2.662169369545156
0.27575092883055696,0.158580995111344,0.6339057779386633,2.3064702818891973,2.634203979784623
0.22936288624538592,0.16541959682639562,0.7620700990905519,2.263548119407149,2.5706102038600993
0.31979420141143594,0.1519725911115589,0.6058955492907876,2.3908291471256393,2.6538984039270037
0.3280725336368546,0.15846410228328323,0.5733557442383057,2.24668064154526,2.583935873935584
0.33273799665421677,0.16911982529697708,0.5653194539178013,2.2057687451045314,2.6271418498718013
0.39697639815329716,0.15430552673642278,0.4777672719386376,2.3032883243260835,2.6161666576925504
0.27411562688987345,0.16297517233343792,0.663275139487397,2.251341877240528,2.5919641908252373
0.38483133863329144,0.14104459719452367,0.48040329753492245,2.3414001358374232,2.663789233728188
0.2710504943986762,0.14314773052594978,0.6603686019642224,2.459522329119596,2.7166597673241633
0.2710504943986762,0.14314773052594978,0.6603686019642224,2.459522329119596,2.7166597673241633
0.38671634981655784,0.1504974707979437,0.47356004783368183,2.2848691218205035,2.608205181605516
0.3801300453557173,0.16598019133148045,0.45329098300162846,2.264046821920121,2.659948208759972
0.4314818644992785,0.16822921146000128,0.41711681324469135,2.248100994790392,2.585729199599556
0.4084593131932943,0.15970304088149934,0.49441993297602443,2.1940459974922426,2.573535826510791
0.4070534233204459,0.15805906317063237,0.47977539593158475,2.206691061098394,2.597503688310395
0.43706444203213224,0.18485183405296848,0.4382454934791469,2.121812265069509,2.5141861530274108
0.3151332799883772,0.14003519979892098,0.5580520614457761,2.4453547871381023,2.7930180131510296
0.3681421062406542,0.14549002439556122,0.5517925951494906,2.3743935536117022,2.6758527570803285
0.4175451901672235,0.15395426685818508,0.3994611201295897,2.322203500870941,2.6648228251670845
0.42609567672860804,0.15493318602915473,0.4027825233622758,2.2576625449788628,2.6165203739819294
0.4119203517682208,0.14240629119923306,0.43188833883675715,2.3429626242754003,2.649029297493624
0.3576383255526335,0.14966943171467678,0.5066538913055872,2.4046979260495753,2.77129553128914
0.3381617649261572,0.17250845602964904,0.5890588450738344,2.2260475643555635,2.445879777913788
0.39594849282839545,0.1863916611955236,0.478927756918505,2.132327339042581,2.365404044601611
0.37815226677492003,0.15279768273754424,0.4377202211261716,2.437642259265287,2.756440410087214
0.41298217236347295,0.15336539948482622,0.41904578879858667,2.2657847735352648,2.5430144793794236
0.4139922541421812,0.15389606544887124,0.4236578671904315,2.2854796648121427,2.5703900936473025
0.4404862194622301,0.16087781854103403,0.41466430526987064,2.156642530233948,2.5799139295246483
0.4174595983136835,0.157274295695238,0.4818134184555979,2.1090204880789134,2.5687893477631696
0.3389141134761966,0.17125722093549345,0.5418568890859622,2.28203615884715,2.5774097259608695
0.3938119272707201,0.1507776018437327,0.478672961069806,2.2689829434335085,2.6001451665628186
0.3301137554617918,0.16108728053405066,0.5601810138534106,2.368278156386895,2.6679001617871414
0.3653756755328877,0.15590400344214947,0.5031560281287504,2.3633398145164106,2.64453777473732
0.30881053510436723,0.16467225560726237,0.6285939056504497,2.2458219296237556,2.564189447454435
0.393078888759095,0.16176790520990492,0.4783627776700676,2.317068384113424,2.6085469077323054
0.3868892058443688,0.15771442264398802,0.44853851745338996,2.3161127329013214,2.640178948176617
0.4310451768256811,0.18060805274782443,0.42332506870814174,2.090834281681435,2.4601437089998957
0.2715499211172497,0.14837089059792108,0.6761181901661433,2.347171445824984,2.651790989639199
0.29314053527506806,0.14719309951908374,0.5962752206005042,2.3618377101310006,2.644234863889572
0.3314617737942668,0.1364996928621963,0.5315074039267078,2.4804841943581466,2.7173682000533526
0.2712171728149056,0.13154880551769826,0.5898301028386349,2.6211525106756786,2.862709011062126
0.2622555080583968,0.13056164310288126,0.6168608798528895,2.4854221694650933,2.83911600781491
0.30518604944255434,0.12977600431059247,0.7004860973280992,2.2472975100174564,2.676325575741354
0.272208954026232,0.12794927840251102,0.6952050461158427,2.343517571124947,2.814159081774526
0.2744584408337403,0.12795671171781328,0.7008432972749862,2.3685233159225882,2.8145980957008834
0.3399484551070363,0.1287349327467379,0.5295309036030993,2.4510695623003076,2.7061326375525
0.3151977498164905,0.12851933064926713,0.5928456047086185,2.446461962744527,2.7904900758486373
0.2528826006055769,0.12954380273078217,0.7050654756676044,2.4189868098115292,2.766000808687502
0.3065349701167577,0.12951742115568776,0.6373786447856278,2.3279181843148655,2.735530294163231
0.2952506342319412,0.136343949705646,0.619176757328517,2.4422745923214495,2.719190953731187
0.2555195226019341,0.14017496725991557,0.6997423336089339,2.2747022856578316,2.698510032879522
0.3762436399801014,0.14059599866881867,0.5228667236272214,2.2718959517435193,2.6125529899430315
0.41126392355570024,0.13890561452014974,0.4264428223443917,2.3405149662651397,2.6745810384799436
0.3445886222664398,0.14353492326380743,0.5724294683250737,2.2991837065024336,2.6936744931769616
0.46154795472244275,0.18377115359160856,0.3700630206055616,2.2624669247632405,2.5473961070317315
0.4519014164845194,0.17998514363429985,0.37037564551036345,2.290635155844503,2.550879093487181
0.4654807176591534,0.17400790979972922,0.37144594461689373,2.2739036096643894,2.5411493059123353
0.40520907125195804,0.16446730729814565,0.3812986707448059,2.319367642225682,2.6014980407479085
0.390315198197209,0.14913942766237132,0.4166499723651324,2.3305804289280747,2.684834597697105
0.42552476926593397,0.14799760122709146,0.47146904437257053,2.2550040814040186,2.6069330873392427
0.3741370792553242,0.14445070342828997,0.4664061671131828,2.3213767110231647,2.6551353693312905
0.3660182985795573,0.14951082981711256,0.4780255176366196,2.461778876462471,2.662723491550656
0.4166221368779545,0.15314733280044274,0.4444053426361752,2.340831202746348,2.6110940715142212
0.25445641638645716,0.1691014508670191,0.7441128581711434,2.2123234305422566,2.5486160539592664
0.25202336519632185,0.1576772321802803,0.7567722119702742,2.256683462473593,2.6034100464938392
0.23210623124899424,0.15873916111383388,0.8262690470486344,2.1387647564296213,2.6579515049701574
0.23801494331550163,0.14725812188039564,0.7778639425237742,2.2250546731692507,2.7190410108505856
0.2520250791007407,0.14639886719266065,0.6665701331116699,2.4033141038605663,2.7677889960025284
0.3473746573316855,0.14878116779074024,0.5315221488946801,2.432590775347506,2.6677987982758293
0.2812070697816859,0.1558077936209833,0.7074030411345842,2.2247136320414542,2.6451908499577756
0.3228449576956187,0.15773021517444075,0.5648184563053897,2.2547125617159813,2.586594181738844
0.2865816905421211,0.15889009319832242,0.6156694364197658,2.241909970991346,2.6403509920693304
0.43714413560358484,0.17206475487681872,0.4263196349800542,2.171348166408071,2.534702629949075
0.2553797396345602,0.15055751093853323,0.6877014143436095,2.2909855939169046,2.6194804378996346
0.243652104038507,0.15491669014720857,0.7775052372128289,2.281279336669468,2.6481196987115374
0.24088399980810277,0.16314831814066377,0.7168411146142551,2.2951369974246663,2.6163866402957754
0.22805120574783516,0.1404449001148955,0.7619735155270198,2.325461744832064,2.6947334280109807
0.22805120574783516,0.1404449001148955,0.7619735155270198,2.325461744832064,2.6947334280109807
0.2879722191951342,0.13473632937509705,0.6108962891554731,2.3975383586108023,2.774871460144537
0.33995679547985763,0.1308792690431757,0.582875269173555,2.3644003979318255,2.7531089830542728
0.29369998158272775,0.13202303501303317,0.6200178334587609,2.3970688441249783,2.7950853129821254
0.2998896142347833,0.13102611995434646,0.6295637010438583,2.353285434784528,2.6461816731417853
0.30418542949723765,0.13198586657850675,0.6156340087382893,2.4489629276065217,2.776517628915462
0.4544266394409324,0.1415100760482369,0.3856234737308378,2.284433803220817,2.6807551391524473
0.40555186545171185,0.16336238604274023,0.4491758933998608,2.329219807257451,2.5677207029757008
0.370482162828571,0.16781126586705578,0.4654492964432743,2.376421801792446,2.5846823503410783
0.3887908402877658,0.15406544772066355,0.5218126065724453,2.209276334848014,2.6887064359868798
0.3861558979242026,0.1751497603759541,0.46848436968703067,2.1817277121586933,2.5161586051978033
0.4282200646357961,0.1880691163032245,0.41262759709303704,2.1550441367147655,2.509894544968528
0.3941807703049231,0.1781317836507092,0.42220413301845316,2.1975621032751924,2.5599091942784966
0.4058497307832936,0.15167486988104925,0.48432079577585013,2.2869840392588348,2.619691694470781
0.28840063126388216,0.1448461697007908,0.6899328435129523,2.2413128425410243,2.702850996568027
0.3604058593748822,0.13162532811826333,0.48048618783191016,2.511144556886393,2.7363733121703526
0.4537502986694238,0.13605360226111238,0.37748611084124534,2.333928125627387,2.631201249651426
0.4031066141857929,0.13930571489360313,0.42867103275484114,2.5009094753055443,2.758586422567623
0.4008347701883904,0.14170213906007526,0.4179739548239815,2.4625647446061447,2.73427139270756
0.3046718896049985,0.15276438356702443,0.6631637422681446,2.2848076023425223,2.6644370559171993
0.36156028371773385,0.1572028065443891,0.5166630655423419,2.29155133564755,2.619255754191581
0.38543454781271197,0.15423120966605733,0.5083923435694085,2.300257865573123,2.607480896949192
0.3579053122593886,0.1433065576499002,0.4899078399276919,2.3566655543688073,2.745445418934293
0.3534754107743118,0.16859480883948594,0.5192888727759455,2.2489468635171574,2.522701044136088
0.3636779468461817,0.16441882476749337,0.5326544000511861,2.278883055918849,2.607933110808946
0.33507663750742195,0.15047449166873272,0.575729814703419,2.377005403763735,2.6850191939809807
0.2546998441007641,0.1607343767239559,0.687434434223797,2.274718881123903,2.603674835299162
0.26009394251539825,0.15732711925872972,0.6951404165837446,2.328124610089164,2.64265745485467
0.2513431736513292,0.1496943134771357,0.7080699888501127,2.3473473415908983,2.7157249054993047
0.26577460025191973,0.14931646880790478,0.6712200291848919,2.376950109204124,2.6290855280371104
0.3791423073861854,0.14427742434024304,0.495120384534199,2.2771078665719595,2.682383755387825
0.42354309217323866,0.14759393048005556,0.4067269812693861,2.3710058464449597,2.6396073230882102
0.37847413517646245,0.14189270869449752,0.46356098159649733,2.3688817462744396,2.699670570391612
0.39582230621927067,0.17233541005020062,0.4578610217637241,2.207224982515925,2.512639313007588
0.3161025866110074,0.16335181898968879,0.6475793380211012,2.1302167485349113,2.525083452669208
0.3647337870475259,0.16922685969820542,0.48292485809620367,2.396160816351876,2.5831508973718824
0.3657335912110642,0.18448302636767935,0.5130568334475812,2.3397326085072816,2.5276815208087116
0.33964374626897087,0.16127236544495213,0.5729338767723299,2.378745865080138,2.645014796023412
0.4280733781884097,0.15574492172377752,0.40697887864050974,2.389382435270643,2.6436357897744602
0.44197346247297364,0.18246069939855128,0.39603688572521856,2.1681753208879573,2.487036163224357
0.41230821458868416,0.16800329573878003,0.47341862756042097,2.1690501303829013,2.5533301890897127
0.42953361451769984,0.1719868213922444,0.43113977133066667,2.2095913961501634,2.5474709246136986
0.4240532964125824,0.16516125116025562,0.44431672814310647,2.192470069410785,2.5199889607360086
0.4400123406698133,0.16706733984177197,0.39725008781066923,2.163882744869676,2.5387505155106806
0.44811243120142336,0.17479255161250268,0.39581710163933304,2.1287985673842917,2.4823695319938675
0.4177407190321057,0.15242046417884744,0.41501776222274944,2.294226074144848,2.7213426543081667
0.3031224007110943,0.1664962380792357,0.6654897921391928,2.2188863718803793,2.5095845429213344
0.2872554744644469,0.16373070886838645,0.6372305472933911,2.2363252106260885,2.5795091926134064
0.4298577007297606,0.1865689429109191,0.4341691572684726,2.167274089971067,2.3724877563663465
0.37811131066325654,0.144630935921728,0.46392614579149866,2.3360547087333243,2.7244232700937996
0.24408071251122404,0.16404505286624896,0.7128463457723863,2.2914776681577136,2.6289132607106964
0.43937598826828705,0.152676289966353,0.4311512355117706,2.309634759619384,2.607635135734209
0.27420153530760694,0.1620283613835691,0.7307942182764379,2.133120894710401,2.6304425761333743
0.4425922355183519,0.177799510609317,0.4243050898534285,2.1873928703134147,2.4808175850553975
0.3682986778214788,0.1688245951120929,0.5553912540920507,2.124060917114154,2.5277505951500605
0.33669949828502815,0.14446227136189607,0.5375762032088314,2.4447401254308634,2.72967501353708
0.2513806877405938,0.148578731452097,0.6792975238450736,2.3249180600600194,2.690502942691584
0.24723031958088634,0.1465183465518554,0.7315060268255592,2.3345831314843597,2.7089943178876434
0.25356547884698893,0.14646721762309114,0.6946223511392836,2.454903040011622,2.726350879744331
0.25356547884698893,0.14646721762309114,0.6946223511392836,2.454903040011622,2.726350879744331
0.4384626314128352,0.15203752301489296,0.4247312575489777,2.153140505491197,2.592687956769442
0.4145217766916226,0.17264469683285003,0.43232084522405084,2.2089758499241516,2.5755580555455877
0.38895524159742645,0.1496850785594957,0.4738316308016449,2.3253256131491007,2.6281456737984077
0.27379918211922394,0.14510271522763082,0.6490403535135455,2.3105538142723,2.6993743567532604
0.23651004229869801,0.14718389381787872,0.7700341826081543,2.3268909761759144,2.6775486178519907
0.21451198847217756,0.14466220934700005,0.8475989013624777,2.2820571817117856,2.6391191155498173
0.3382793336094635,0.1638228767966496,0.5324111074177726,2.1923497125536464,2.6560299611380196
0.35933166158937596,0.16799175638704336,0.5190755749654635,2.191724789001651,2.588228570639827
0.4095644766171052,0.15493684735819285,0.46893170905389303,2.1946736620335665,2.5427142706168095
0.406979984523774,0.15980259925878854,0.4599693647020997,2.204074834438275,2.5517065520712756
0.3548429777985761,0.15222308054026487,0.5048545273694476,2.4909470987445643,2.703748742332826
0.4108031639240988,0.1686446228755141,0.4423232917689225,2.392359952304392,2.581666014356873
0.2525872289412212,0.1543050983193471,0.7036989470249725,2.3316555427742793,2.6631208865372997
0.2014230175144139,0.14003409996225089,0.8314132407818774,2.2697769407932222,2.684625497002084
0.19410302891992812,0.13476654859072915,0.8935615476631685,2.2524977900962644,2.662933835519642
0.19120811559675913,0.1333440438194788,0.8757727634962317,2.278495881095441,2.6837729779459214
0.19271598022334832,0.1340140960926814,0.8656465623741073,2.2824934739019622,2.6755964866495874
0.1949029538135173,0.13455140786410597,0.8400967106021267,2.2893577876268765,2.669183298088695
0.1949029538135173,0.13455140786410597,0.8400967106021267,2.2893577876268765,2.669183298088695
0.1949029538135173,0.13455140786410597,0.8400967106021267,2.2893577876268765,2.669183298088695
0.19398037753856326,0.1340242602350283,0.83867002880959,2.3229461427168734,2.7048102565471686
0.194898308356305,0.1324498584578468,0.8400850221377912,2.3267069304472345,2.711294979482751
0.1954058191698193,0.13160997798137486,0.8362440782515491,2.330617361327945,2.7031724903847403
0.1954058191698193,0.13160997798137486,0.8362440782515491,2.330617361327945,2.7031724903847403
0.1954058191698193,0.13160997798137486,0.8362440782515491,2.330617361327945,2.7031724903847403
0.1954058191698193,0.13160997798137486,0.8362440782515491,2.330617361327945,2.7031724903847403
0.19591111969548025,0.13401015086660487,0.8707839482484763,2.158476120954416,2.663301135935908
0.21085294237446808,0.13636204802114257,0.8135907575382209,2.2181325766745945,2.691392791036786
0.2286622977241327,0.13782665352047732,0.7473195992136029,2.260088324150446,2.658750317054017
0.21102962819582397,0.13691149152543797,0.7686658101531595,2.370170809250562,2.7015796747655476
0.2784074754693018,0.13604362834483624,0.6261948506315143,2.427135574758839,2.807484514352776
0.3736852313352351,0.16661503541326644,0.4677217422572715,2.2921471595984757,2.6120015168571524
0.32026242339180583,0.15035571127138883,0.5998325806815714,2.2708830045993817,2.6350816939136172
0.32802948466271087,0.16732448588601825,0.5817526798334738,2.3141346518517807,2.557683949721849
0.31901506828400666,0.16253611658098494,0.6049698078116708,2.270202426427097,2.5763745806484217
0.3311641034765906,0.1644853663250833,0.5566840777318652,2.2520359714821017,2.5448107394277524
0.325531806401271,0.1544702230344814,0.5661549425300233,2.2796387106078697,2.6344074139158487
0.3854677592910184,0.16199653644938466,0.5133899644266553,2.243018739828646,2.6197673738565586
0.4048461335355343,0.16214936884008846,0.4383092249519836,2.2237865338912575,2.57033185060533
0.44240811132722546,0.17154257477843962,0.4048001352856549,2.209706068875704,2.535625719538524
0.42984409989060673,0.1655584955508713,0.4403336612896119,2.2769615228373348,2.563927951818199
0.4135388673140661,0.1798913468604213,0.43876380885625943,2.3393843841917845,2.581231778860173
0.36524781000843226,0.1595211071687958,0.546499579014919,2.2758839653196485,2.620068411194891
0.404099632137238,0.1695128913874869,0.41444446399364404,2.3538115298213853,2.4990500444883677
0.4202468685490309,0.16249460816231137,0.40231846082638684,2.384747407288462,2.6940987657720097
0.3528375701446226,0.155908923412556,0.5869605068377663,2.221554323830428,2.5483050636450875
0.3019563459464649,0.14918293768246435,0.6820359100371264,2.324631844514811,2.6441797186060145
0.35990872044777367,0.14930082482745385,0.4668450501627782,2.404166277421684,2.6445030359739157
0.34366449809421384,0.14802686421796374,0.5218040087168621,2.384664479110813,2.624218686471767
0.30770053116641755,0.1597715330172483,0.5867665487084202,2.267726246951179,2.6491441724659
0.3445546049048365,0.14533638426794673,0.5791277756676255,2.418448572450389,2.7114373397846077
0.3917041040361469,0.14993713615560225,0.4186923043179595,2.3399649968159024,2.6206014047758854
0.410750497653024,0.15794759563297509,0.4269931511053909,2.477160112522498,2.6715901497774444
0.2994144825111005,0.1579461149389398,0.5889386999519196,2.209491695690649,2.637711591120688
0.4207370493010005,0.16391670532141317,0.436477926013854,2.378109962972903,2.548063542180829
0.37572524687836273,0.1538313109251918,0.512611489221905,2.3053860366563144,2.5787134386542445
0.437305860200641,0.17585662758183038,0.40469188737322215,2.199452119132115,2.5954959660397554
0.4241114698834199,0.16147196691389357,0.42576436994723854,2.190950696470839,2.5619160692978986
0.32081155467611105,0.16590928759890552,0.5584361561357263,2.3588097061935107,2.610523108272396
0.3172668737134147,0.16961898958857594,0.5821522066195598,2.4725434423473103,2.6650541398900707
0.2649164227924568,0.1594854910996983,0.6651127073050033,2.563667052925717,2.7095025523674203
0.3019529669671988,0.15712376657395524,0.5763230948450371,2.462815452112428,2.744017781951879
0.28892841629908506,0.15259304421521186,0.6235478915393597,2.386880180721359,2.6483779507830802
0.28892841629908506,0.15259304421521186,0.6235478915393597,2.386880180721359,2.6483779507830802
0.46359794732108806,0.17419194098284782,0.38701913253621606,2.14060180808093,2.5229115864918015
0.45866518091484026,0.17292922440066877,0.39252322606890716,2.1418892090331356,2.529747924663509
0.330292346091522,0.15069525676060927,0.5771668771912871,2.36204570435437,2.6912124589114472
0.4164525934282951,0.14093050240523758,0.40769890049757707,2.423302470627264,2.762310106342549
0.22779125400115735,0.15808822810766415,0.7295247862117014,2.2943539976861964,2.692375573049612
0.3823391739702938,0.15334754092973416,0.46737297166348396,2.505204967740084,2.7382766255688216
0.33466653895551135,0.1523016757459438,0.5321637626962343,2.4155152262135235,2.7114258670344498
0.37937040100679353,0.17019334242014708,0.5013993326368591,2.1805695343001332,2.496522797669703
0.3775211726172536,0.14872341668133798,0.49502217236534124,2.3681205728290546,2.7223493662186766
0.41423944489819886,0.15501885991809675,0.4525653065635167,2.222125108740891,2.6752936916891676
0.49134072207004,0.17850379146184928,0.37749409311473364,2.050681324418197,2.4683308491425278
0.4099306179640555,0.15543905051400816,0.46516756278927035,2.1503933970996423,2.56724495903802
0.34084655426523536,0.163697773847655,0.5254500576342989,2.3926631172717325,2.61821168259735
0.3792160442517808,0.14555477897984917,0.4390446535185178,2.5501213383512864,2.741876894128958
0.3361092556263259,0.15451059219741592,0.5868020602001988,2.182954107391289,2.5840144941742915
0.3329240062900472,0.14727653139566327,0.5475836801682834,2.433099679342126,2.690880145245853
0.3091710343443225,0.14671212583472462,0.6131314442190325,2.3516632368816413,2.627224582140293
0.3437303472949641,0.1642356753345164,0.584217415842332,2.2137783367729305,2.555614825406379
0.39020019965098623,0.15544082155699182,0.47268281507698257,2.3406292338702643,2.6088217967996368
0.4012286969630227,0.16035161325565128,0.4085289026037193,2.442020735074364,2.6076701292537425
0.3911863399635738,0.1595324122448031,0.4390072101449604,2.4064585540148733,2.657120097377843
0.28421467551648727,0.14080138247975393,0.6309625557349181,2.2848194749413877,2.6654958442310543
0.27220205547661874,0.1405418133393886,0.6240214029276575,2.520418774952395,2.7674300484973244
0.22823077731202596,0.13407429376080066,0.7357028342869483,2.5181397855601038,2.8141872352995065
0.22823077731202596,0.13407429376080066,0.7357028342869483,2.5181397855601038,2.8141872352995065
0.36667098563766404,0.1412440973122803,0.5205385946201043,2.3873455205952774,2.7052540992406735
0.3791061618326247,0.14459193742315174,0.4660096076884724,2.376123280211129,2.673693907544365
0.4311703800505065,0.14890561129560953,0.42242078443441,2.3677944965674445,2.6241700459500477
0.41069444867650967,0.15518124785170195,0.4044438490860083,2.3196210147958958,2.608374007242267
0.43725168290177346,0.16027470256799448,0.3972269908843787,2.360361806570624,2.551400368333353
0.436187940909789,0.16932630671745266,0.3944454670563825,2.132908251798571,2.5671760328476934
0.43599617881822283,0.16493717326919358,0.37471716188039095,2.337588339635694,2.553441778998576
0.44267921895618656,0.15872599108207797,0.3727794395721258,2.328400550708013,2.574067447786651
0.43044017492275993,0.17229181786951261,0.39504618664899416,2.238323325976514,2.5644399550179795
0.44314222495789546,0.16606765434504372,0.3924117150885369,2.128604781624442,2.522810169756381
0.425932340908565,0.1597160122923057,0.3874650286508701,2.4050350892372543,2.67802324128275
0.3924465349253758,0.15486473617126675,0.42242802837562626,2.38068705990913,2.664354363780756
0.3980941418806662,0.15651407508111773,0.44970816358603033,2.364149018002978,2.69494148232616
0.38507789577245777,0.1723092009624825,0.44009968672552935,2.2125402862937578,2.5427214082436156
0.427647475195894,0.14896169094244777,0.44916063865277595,2.2691306788710843,2.625774786909766
0.376294785282559,0.16926868471853992,0.5197227105459044,2.213109810888962,2.6077222802148166
