perm50_V,dr_V,g_CaL,TRPN_n_A,ca50_A,Rsys,Rpulm,bt_atria
0.3789065103466932,0.26055681813381193,0.15359688596714116,1.4565815395557995,0.8263489221740478,2.3955561895117277,2.8453522364430532,2.2407495808254967
0.3193321665496814,0.23051399562183691,0.1224790519445364,1.6805048069109103,0.5586873255409561,2.585837529531438,2.9189062358461424,2.340177666327278
0.35555980780937646,0.2424129375726641,0.19486471884039822,2.5311580228874213,0.7284598894974702,2.459848771177227,2.989405723920774,1.8451939648809352
0.25097220921246566,0.2032061481673667,0.14700428528395157,1.6284689848863434,0.697938148254729,2.6545689648907045,3.0880049831868046,2.1445197307171338
0.3017090664366853,0.19353133068189374,0.1614121441904701,2.24904183754148,0.6711895836425319,2.6650236530449907,3.142153364344842,2.405453819631649
0.362196573275421,0.18053136991320126,0.16475859484767427,2.151036178576074,0.7126898441211331,2.7732029707917656,3.6311302799246032,1.5820481394023433
0.33618567986303555,0.20944490004458372,0.17259645617007877,2.196293326549585,0.7811783477166855,2.757475544921218,3.356799653686917,2.1495366193461507
0.28627298263897044,0.21877489393975652,0.1295844093203447,1.3216759402675387,0.7536080633880489,2.633743945996033,3.4052343340143345,2.0185886798286456
0.35202282472244756,0.2818949717533469,0.20103502926130573,2.4859585663021346,0.6761847078085241,2.1689546482203887,2.141556881161328,2.44827856624166
0.4093481047017489,0.19994899901645763,0.15282484510534494,2.0722765687438085,0.6538339531690973,2.6757188438810093,3.401472813125846,1.641427397269494
0.32657416493419456,0.19592467869792732,0.16999820981495328,2.356190444850902,0.7293173032311869,2.790424098623254,3.411962480196887,2.035265652143248
0.26544504582904294,0.2268971068793969,0.15610186056048267,1.7474941829939798,0.6975940158811934,2.473186190128974,2.973278617024588,2.235800182154298
0.28466570263689267,0.22308776388636617,0.15244659671097754,2.141519546338435,0.5936980766863893,2.550436901927889,2.9793393787544016,1.8653216628840692
0.27049312027373185,0.17199933486497823,0.15819496945305064,1.6179702085078314,0.8274883534858155,2.8931034106648297,3.6439672204926223,1.6722119588103397
0.2720158068350208,0.15685455663548095,0.15642306754239754,1.932375253199753,0.7406249155342083,2.9729982115158657,3.7832491604935057,1.763035936885228
0.27056881583340997,0.1617174391043361,0.15681380860551156,2.0353495462332116,0.6802385417262174,2.7886840810004325,3.71638852413112,1.796379167839009
0.3409450190587522,0.14154795463382625,0.17269403351878912,1.727885543860039,0.8860252646488401,3.0316041783635037,3.8804614728854716,1.6606199812107745
0.28680623765866553,0.2429970295327756,0.17858670083191644,1.6642970745386958,1.0455119786876963,2.5987030578665267,3.6542707584497456,2.231995200988244
0.3667904599843045,0.13806328765872294,0.18401648050229444,1.9633670039403457,0.8328068940554012,3.0054222658511707,3.7937526006666737,1.5471748432262602
0.4171932170244678,0.2708109357964584,0.19901259207687244,2.5106776871352583,0.8315389421808844,2.4352355154155143,2.8576071510191503,2.559286436587544
0.3059587004522567,0.17516135078737816,0.13520505886221046,1.834767869068279,0.5154892809306745,2.7444004608166255,3.301982192623293,1.5152239099434277
0.40599804630473973,0.2041408921263848,0.16632941239578156,2.557148251680313,0.688908684913486,2.5181041682362957,3.1886775538731977,2.481478587892776
0.32525053175551155,0.2246527373312787,0.14110905417368388,1.637427742968255,0.5556321545537256,2.676256512784817,2.9228139439902323,1.6209971636456317
0.3093138358421697,0.21528381869634816,0.1950504115155596,2.5631448143114155,0.7409158863963293,2.6111505152400816,3.2739466035427567,1.808430091709744
0.32781976984791744,0.18978723769764994,0.14165244971564428,1.4169626711204126,0.7596765040189402,2.7354497540176483,3.5204872501835456,1.7384330150525427
0.3170555221085387,0.19185055780185636,0.19088709416234562,2.698064381855934,0.5863575668441765,2.699394254300108,2.9957796006000694,1.7094802101365083
0.2841961897844677,0.21478555211640146,0.1429640302741614,1.5883030085034293,0.6594976263078897,2.7859555601723605,3.2940350536615313,1.7410313885444726
0.3519153870862035,0.19744881726371047,0.19876840054049177,2.509647025694825,0.711481213800453,2.6526184877119,3.226694450079293,1.4539112038170914
0.36608758920208634,0.21611228632208274,0.20380756297495778,2.665868212612876,0.6850761021775946,2.4928238035381787,3.017618241818096,1.4343403562264698
0.29047815721361875,0.2037476802261961,0.1759457688782086,1.5446589273325135,0.7678544143553374,2.7856506354304758,2.935512743702844,1.3890533299769978
0.3493131887338685,0.21858278428743835,0.1759064939988915,2.5168120499025783,0.5669465098660967,2.715525040502612,3.2054562611197084,1.3819128271242402
0.29497744897480943,0.19614609096546298,0.16174184515110784,1.906547501721736,0.6613924510368903,2.9082752690867917,3.363722925446704,1.397924782838356
0.2822836470688569,0.17926062881094434,0.16080481764602855,1.958116346859941,0.6207765286210774,2.654828280988144,3.061603257853615,1.4654512919160774
0.34937790489690873,0.20693793832935017,0.16451346539921605,2.6698167247440274,0.5736635070876408,2.6575877688388707,3.1525050616686188,2.25234436913222
0.2931526376776206,0.2259655032304147,0.1349668354591942,2.1593679233789462,0.6576047217019563,2.668745811264312,3.459585860204738,2.5325585802184123
0.3597124993933003,0.17426453931613498,0.160264747173308,2.139302460512787,0.6657702250193712,2.900912541633039,3.6486282412711937,1.5524619832060738
0.3297071192555509,0.18030314147961993,0.13453115935460241,2.0896010592501626,0.5527143001529523,2.8630643219015184,3.6421186760039013,1.6570095082464162
0.2978783838718438,0.2042933650870476,0.16220607974767143,2.1748397975532794,0.5261519694538905,2.6268185868990845,2.8455215313578623,1.7477214314630412
0.32755907749016666,0.21107425373043626,0.1592819150783857,2.0714299596258607,0.5586192248422689,2.5436404356260556,2.858175592711052,1.6405952311182628
0.2928427517024125,0.21176500832419862,0.16380701860349078,1.731462564703037,0.9064948511889467,2.5553930838342245,3.2310399018937948,2.733453311305333
0.30179121712317364,0.14632889262695298,0.17757287964462853,2.147885121602275,0.7163329416630684,3.0372610811327374,3.8298639397685266,1.416547779025047
0.327907456107422,0.15057170722944482,0.19677041384754815,2.0605829896322545,0.8310135783206921,2.9076444909618986,3.59763703181405,1.4033450585859035
0.34646959959750756,0.14527981117492672,0.1979254067128855,2.300332527908856,0.7808652352182257,2.9061706622681363,3.6497836062999633,1.3915340363515705
0.36713245748699325,0.14723206665431193,0.20105394701425028,2.5034544069400133,0.7231577594863295,2.7813437810869233,3.4063410123964584,1.3870251032299619
0.380815285623965,0.13870522960933582,0.19689970537151802,2.1551669749325626,0.7501278571702931,2.751829968759795,3.1845587544845073,1.3745926103033044
0.38824861158712415,0.1372977850623106,0.19572631136857327,2.2713501587865315,0.7111198460854495,2.7582785033446875,3.3020842238390586,1.3729938784076665
0.3807173168450671,0.1342884722546875,0.19682109796715894,2.2536823852770778,0.8025774415958546,2.872391469715423,3.5889488537210776,1.3732022469950793
0.3419067894704871,0.13809685199516597,0.18127752522997892,1.7066930697399498,0.7980629776950637,2.8822209028456793,3.479518883907403,1.3900842946477465
0.37445434178069814,0.14598459510058615,0.1750295446326994,2.5974359953259363,0.5620119348424772,2.758253761205145,3.3400301077638237,1.4170555563128455
0.35995674728944804,0.14933929429392556,0.19446281118991787,2.6098996862678474,0.69068185837451,2.756065142355435,3.467958826044372,1.4404341016372515
0.30356392881692973,0.2330784655428579,0.17393975380877472,2.2954311769707805,0.5995598643112393,2.4881223170778193,2.810128247101062,1.4923975142707768
0.336527455214425,0.24580652979713155,0.17814211119061502,2.1944571020836343,0.5721144362242456,2.468175561469437,2.4883864301463072,1.5980662101555043
0.36512427091345284,0.2666396584137065,0.18556764268458803,2.211366741708901,0.7140521883980775,2.339740331680344,2.824274774205155,1.7462035485909144
0.39172325988323586,0.2589917272305592,0.19535084619319878,2.4112728233068856,0.71200910852829,2.328954993923561,2.7501777814485453,1.6006091192118403
0.28648074906993315,0.2135735062710573,0.1442208225196063,2.003999846273433,0.528413411008704,2.6355564038894213,2.9006591151977967,1.9000252154500787
0.3213433847517103,0.22271452738873584,0.15726270062740844,2.2533716829045733,0.5645614915990567,2.516127702712,2.9151387541296856,2.014921330206317
0.31111838544694825,0.2615858756754578,0.17069019805775926,2.2110092976194085,0.7228572571685937,2.394572224883403,2.6616722238470008,2.5382448809872984
0.3328556937837851,0.2033902570586524,0.19342407701477143,2.107932828297999,0.8284253735248809,2.670157677546471,3.2114736298142152,1.7643223729618769
0.33690170954952475,0.2145357998238118,0.19516933608001893,2.1336183259484653,0.8435934811287358,2.656248867924415,3.139296092361523,1.7838137741884623
0.3903931822209798,0.23394285720617936,0.17687379093429204,2.214908898397013,0.5644402004933283,2.4718407167717427,2.5929964910274714,1.7044880447897217
0.3820740375791031,0.17796397678094875,0.1459595921090437,1.9981464790114563,0.5255637284476897,2.8536591111144256,3.4659875635199167,1.4980194514640341
0.3511245953272415,0.15571434323296585,0.11361615140607,1.6056242300272423,0.5141380796450412,2.9042400831971307,3.7037359875684848,1.3959615306714908
0.36050847339960196,0.17671379704225246,0.1405885106831112,1.9491243682970643,0.5418856095347893,2.5869565533629806,3.1898858205798524,1.4972905597179762
0.2854597982572388,0.20693607900282626,0.15093434203354902,1.1765763396692632,0.7428671513355997,2.883683502824716,3.235426050461002,1.675286530587757
0.3617196908663855,0.2153424561889878,0.19650793820696968,2.8984907202151704,0.6768387749647996,2.511627257146213,2.952852434972947,2.0892558676555186
0.38092407455526134,0.21273653828882463,0.18044758230765234,2.841375921239737,0.5308672150342941,2.6875876550394286,3.3348498650348657,1.5334857145951366
0.29980258606557053,0.20815057882177432,0.180179971312431,2.576744393662324,0.6004515302309389,2.558054571069921,3.1492223705338236,1.8724406396366655
0.3117894525793452,0.2454714296060541,0.18110184516577343,2.30792262994073,0.5810158097501206,2.28615881635436,2.6549007438447934,1.6020472141551876
0.3144283087716667,0.1914728971705317,0.19904588233792603,2.4203646769659213,0.7283273283395502,2.8527901392333854,3.144309221012207,1.742564021647017
0.3905693827992928,0.235162246693079,0.19998966579368815,2.089674480922526,0.9019539011513578,2.3910029572359712,2.9538613525985293,1.963713849636027
0.2709757712735314,0.1763647076851608,0.1760017367540084,1.1137867906113446,1.058881785752275,2.936704088771199,3.471529749823747,1.9846014845365296
0.37631137221713595,0.14275719947092722,0.2043990571451206,2.863738785266027,0.7691531472729688,2.828638061903976,3.746478382774479,1.5049340388603822
0.39622814039550497,0.137976372107257,0.20398801834598046,2.6275523554004776,0.8397756868122032,2.8086644324069,3.734013732161396,1.8038452885978467
0.43619271753847305,0.14250674860474835,0.20297231846105318,2.6554721599784177,0.8842538364745696,2.746713003048716,3.8625623192123033,2.0686318320836548
0.3447673267861687,0.14686572851325375,0.20555909086431282,1.7760962175593298,1.106079473486887,2.8728436488068874,3.919472485025601,1.710289822870311
0.20238197622615228,0.16337660720233907,0.19444299818889754,1.1821124744817946,1.0573012928528147,2.8954087805886797,3.689397454370253,1.7009928713964593
0.313291582425617,0.15704042320120562,0.19934180037864066,1.1880001885892573,1.0907336268641812,2.7724156489536265,3.614506083065192,1.4241655070547499
0.2658730119105598,0.15850587796880916,0.13645174967325926,1.0655102513470331,0.8735079317533786,3.006197963841108,3.8156363464790006,1.9896287260231984
0.2668390773292468,0.17931041888826668,0.17265103066964096,1.0917141900176561,1.0474909643889083,2.7017845476205222,3.452626819008175,1.886614490351235
0.2684944920366721,0.19259241657375278,0.18855013227899728,1.1986256923919587,1.0215301832854513,2.6612299489230935,3.0641274822247575,1.806939070495504
0.28530930246438924,0.19573794307600542,0.1804673043538215,1.065979754850382,1.0378078634909396,2.84059663460985,3.2939074433053532,1.746820108271363
0.2731689679832542,0.21916447491767385,0.1890203164397357,1.0697962727423522,1.1305841232850304,2.7570724041681385,3.187802747800996,1.99964196435721
0.3161238508371413,0.24819114885163626,0.20320016415868739,1.1711631615348022,1.2137193604455192,2.5315779959897338,2.9235718153553423,2.3243179466990873
0.25707422838763183,0.18066595192156054,0.18112356586609094,1.0984602751614967,0.9916772910537995,2.780395884901926,3.355821923054561,1.7884457771785283
0.238180882826663,0.18974129913861362,0.1926093524393819,1.257967316730677,0.9363405684645285,2.6802803244200817,3.025808963181626,1.4464560238313047
0.3033987686889989,0.1758744697770823,0.17801841378018826,1.241158039663501,0.9685805635361477,2.8880521483656425,3.4846639393883674,1.4368198454943197
0.3438931961901118,0.22689251136552677,0.1881303376572943,1.5362964392650702,0.8073981839457745,2.530431846580617,2.611432267850636,1.4392656481322224
0.3438931961901118,0.22689251136552677,0.1881303376572943,1.5362964392650702,0.8073981839457745,2.530431846580617,2.611432267850636,1.4392656481322224
0.32616669657599195,0.16679320278884938,0.13030604366178528,1.451660636406815,0.6345230550916423,2.8860208624686705,3.583450683386229,1.423580613349407
0.32948676173862335,0.1901433511181971,0.1846458600598195,2.050855039151731,0.7757230087220103,2.713420472919728,3.3853842733866335,1.3954580165345596
0.2884448411806221,0.20321971906339337,0.1515997198988613,2.0679760424718507,0.7312276074325249,2.804182732674723,3.650885459156005,2.1141849937480126
0.3363276759172745,0.1850322885813264,0.15905067629061265,2.1802507406923572,0.645545270328249,2.891492600658794,3.5456772670451846,1.7971043318329654
0.30666293984141946,0.22725441911385086,0.20590137382662374,2.862651828247615,0.7778379449274537,2.627755560831832,3.1985273785407813,2.164267863260286
0.32360302440500494,0.21930548448472711,0.20135810433693865,2.610150669986937,0.5858085521804155,2.4771970986177347,2.5763748511620017,1.8792820262541374
0.32610240308480526,0.2167052210601657,0.18517531805318233,1.9415092324198326,0.8266996688356285,2.604579156282723,3.301075158258827,1.8175282085815025
0.31348794899887994,0.2041882549771174,0.1478239038949176,2.1073652421308995,0.6633859015317228,2.8201143519466227,3.651951549257448,2.0393753532882304
0.29610287925195505,0.23809530732852666,0.19267938061994472,1.898544653403729,0.7020747199870232,2.5244828593293054,2.662168091007651,1.4341198332503418
0.2915062862493364,0.20579927922769856,0.14057020995753217,1.6411101674686963,0.649211335898205,2.8200463277784067,3.3835104888443546,1.7113677655917674
0.3025377368527217,0.19099426977891404,0.1454226515117653,1.9755519084210797,0.5705351940341288,2.845573881182066,3.3912454108468477,1.650678636708817
0.3266260374065607,0.22425139464066415,0.17995525397708628,2.357027326580572,0.6190227158032781,2.573448866683715,2.7319447706910847,2.062636175470413
0.34723876479548066,0.2146177341648672,0.19169841013141695,2.326555724413908,0.7800357076672789,2.6868361490241996,3.0142239613750825,1.9518338685000705
0.3226937304645654,0.21027849119220673,0.19030825779647295,2.206982442451145,0.7788642149262854,2.767610187790917,3.0729623955498178,1.989263137880794
0.3899713297177774,0.1971130122395728,0.19865544208256797,2.224404792476744,0.8247908149532472,2.7088300203029374,3.2938208515666365,1.5530072502927446
0.26842251374154086,0.2026407386519877,0.20508185194548165,1.8899571177138128,0.892886545958165,2.743383676568155,2.994756415889489,1.7830492951796695
0.26842251374154086,0.2026407386519877,0.20508185194548165,1.8899571177138128,0.892886545958165,2.743383676568155,2.994756415889489,1.7830492951796695
0.3270169484982488,0.2538649976769357,0.2021549173739273,1.7667535849837448,1.1208161388562747,2.3175072325217076,3.061204780792711,2.7299360158789643
0.3065823143397178,0.14911038505687482,0.1998236955488289,1.4703944054906328,0.9679085010478091,3.0096812854404447,3.362490853586903,1.518960160131837
0.31235967945511284,0.18549875859844706,0.16337342383265524,2.4727093040219903,0.6032740490372772,2.5620962733631654,3.2242532244972004,1.9198832758580764
0.3031396718097828,0.19187293429591215,0.1564953999327451,2.3745738550107243,0.5853352260438024,2.607451416393169,3.318667351012216,1.905002970613289
0.3213567362988557,0.27364519279696087,0.18557008438521327,2.4004663431870537,0.5652101700099076,2.231496983154481,2.1200186332393796,2.005198153785858
0.339197421396379,0.23691035991286855,0.1383066075012462,1.9493289914451266,0.5888681346843656,2.420531468155399,2.784434246386905,2.163491506927516
0.26398845171700874,0.2169993309514814,0.18887669856802022,1.9142741629581637,0.8744424449751602,2.6763609002640747,3.1407442754689403,2.0039422180357267
0.30509411399106273,0.21140869327880432,0.20016041213766386,2.2388606164737763,0.6321658388684953,2.57896962120522,2.617102542803992,1.5140019158582974
0.2549275884656385,0.1708023819800358,0.14697244292359238,1.6732892717427434,0.6818556386079718,2.963924959719947,3.7724410344416524,1.541853194514179
0.2619732952278766,0.20073373564870597,0.13593017313762093,1.5153484046801053,0.61202819976588,2.938599918725123,3.4774052066932777,1.530478199401214
0.32825955755934655,0.1735720800499416,0.19497746937931792,2.4631114527837163,0.6053032384540493,2.748536570746703,2.9532901534639855,1.4530843373575024
0.3346453854779497,0.20870966528259063,0.102226740515149,1.5658426171886732,0.5549402119270125,2.760161100725635,3.6204038329590054,2.0112606080124564
0.357846514023588,0.21715021723701283,0.18789816390592196,2.718135227297295,0.8499022883150487,2.4725148192610407,3.270335490670921,2.5398745580504416
0.3574926342393883,0.2353927783165927,0.18586667091065256,2.7631925333176004,0.7497106172089761,2.4252065343471885,3.2248985590361356,2.5744808856467207
0.404590676648457,0.2109558908046836,0.19263935380290284,2.8784978225580264,0.6384180477334427,2.5558850781755975,3.19363408297785,1.919510652582279
0.2991028075616183,0.23888891816097194,0.1387290562531778,2.3217825376028403,0.5447719403206925,2.472945100992632,3.0411999546761224,2.6728764044305864
0.3118091247310254,0.22049346884895887,0.13481888127660882,1.8696865697341642,0.6035791206528286,2.729414804180167,3.1878899310115214,2.223863522611929
0.3285694061654056,0.25730886390115426,0.18272487785324,2.2470632036134153,0.7314249401267482,2.3048208833279755,2.674798749121735,2.3021272077862704
0.34943758109948436,0.2164406869604341,0.17070899390486544,2.21031974145058,0.711669199939669,2.661699951331013,3.0689031208140047,2.1320931260253095
0.31654764290461745,0.24419057583679601,0.1615819485612288,2.07242804784629,0.5582241141023672,2.415915062478315,2.58218005409999,1.8883063405351779
0.3176700470613623,0.2606126893898368,0.12333080026790265,1.7990694905165647,0.5590616742606415,2.3977904898906752,2.7882016355631802,2.50168562206378
0.2546081139023794,0.22391397838957322,0.15670238900964015,1.3345691583945811,0.8638308231753012,2.56345080377337,3.1852497294513116,2.2737976525900594
0.33556709523972394,0.2452174922488554,0.18602859327060262,1.8197938040203696,0.9457450332461291,2.4436793437988196,3.058963449505826,2.3759369222735343
0.3499757845820605,0.21354308857646515,0.1677575027633743,2.5940842943016986,0.5632071531143837,2.7486643835468403,3.155409967611726,1.8148324528489974
0.2982368785450855,0.22742406865071887,0.1854282179347811,2.565236021301936,0.6890365370378543,2.5656140298294163,2.960409684516618,2.2258293735598484
0.35359104951869674,0.20220856501814852,0.12925457103940824,1.3421572767860674,0.7769944014661117,2.831137467297984,3.622814808863179,2.0536577986625972
0.31993808678264596,0.20280546372749958,0.1553435762632152,2.1611291477267143,0.5302719877034586,2.741898896139659,3.05951277096656,1.768707791879351
0.29737988334540694,0.2265472549765734,0.13832252390543096,2.415382028877027,0.5287959149063416,2.704334605738382,3.2303978319295172,2.4884971247533363
0.4060824118970247,0.2012656248839159,0.1879399498188954,1.98512760593039,0.7097886011304824,2.5050759855306697,2.9124304187763705,1.5039269217689553
0.42582490338569823,0.1922897418137942,0.18995242245408492,2.0617112476151855,0.7680938339868277,2.504290717461923,3.00221112008156,1.51411994625767
0.337231946619763,0.19241129992933245,0.13558916568231488,1.8802566222285872,0.53264171313725,2.837623204375239,3.3913367575321987,1.5827881789698042
0.30230508024432956,0.2050394333903238,0.14043064088056145,1.910518689494573,0.5216735515491671,2.8075317538808098,3.264981721378893,1.54605961076256
0.408475467317228,0.1942037969627411,0.18235433524627248,2.7882215623367883,0.6613518634796602,2.5493722021225818,3.1151338644339845,2.1816929697856255
0.3149148297992678,0.21113172064518554,0.12006004405580495,1.7570661455146326,0.5409122322878289,2.81908062425805,3.417039248205054,1.8186811923056574
0.3749803160748905,0.23004718365987717,0.19198179291080603,2.849213337740871,0.6701310741397947,2.431731401933145,2.936911376326341,2.3185831527594796
0.42635327439000564,0.19933103359709872,0.1489726149270287,1.7080481631442186,0.6183122957722003,2.5777699515748993,2.888504688843037,1.8647496413826803
0.43045975135677494,0.18180407039761895,0.16924154384949366,2.8246677298183442,0.5593482499421641,2.6487911058511235,3.3296004168190514,2.2949803070413375
0.3118524418329078,0.23970463417175278,0.13671553719385462,1.6984373849678682,0.6884321241853709,2.3681177479111852,2.878602020431663,2.476564645585918
0.3714100019234343,0.30274448348152705,0.1674242440336602,1.9241819506123876,0.6884913078691316,2.052279726621883,2.1408165984622194,2.629764869529893
0.34812766118477667,0.26084482180860186,0.17063314580754993,1.9723651583189543,0.7281224546393608,2.2953081220753306,2.514956958744015,2.5467823077449485
0.33712600763520834,0.1671292545545138,0.16758523116425458,2.4254385758074815,0.6089993637912855,2.8547461174978475,3.6193215368744602,1.7985586308862775
0.2763477447605215,0.18520001066564806,0.15140164991234994,1.545946772234455,0.6476961481047768,2.722636302963889,3.0763371107109667,1.6676830662015614
0.29426949043088907,0.23287344010869382,0.17424689557394915,2.1048215064770632,0.6729180988893019,2.5783199993507995,2.960068574095877,1.8444989014464312
0.4583056994755046,0.1689513299463503,0.16537056073564516,2.235210258035076,0.6902812218170027,2.7298575276617068,3.3350993458142946,2.252309908185499
0.4689255232697644,0.1744731392150388,0.19069465760222004,2.5492009550294155,0.5882369463727938,2.5045562112126736,2.880405332905837,1.769910112356461
0.46461109247115767,0.18992225482133235,0.19928260255819716,2.701085051569858,0.6953592506827027,2.4652745809820633,2.975773350957111,2.022745657958913
0.43457447715417075,0.27170645913867136,0.15412095920689187,1.8687793223368026,0.7058101419135,2.273219022468491,2.525547427487725,2.599055963349147
0.4669532580898232,0.25608183719258015,0.2006903662079101,2.871347488818115,0.5845047971019336,2.2881831484360804,2.4548232605131073,2.048935408690813
0.46245536394665904,0.23133503147483844,0.19297470498007221,2.5802442266591186,0.6712537464410768,2.3453194022873283,2.742773164360633,2.0134554259920527
0.4455909399302726,0.26451266712036986,0.14623377811883362,2.366891883189649,0.5823120369968083,2.2439416690777074,2.529282091601343,3.0499356079778512
0.2634052529994239,0.20094992888520122,0.1377752072701666,1.7427918055417915,0.5278081481978123,2.7713176890587325,3.2721605646719087,1.5194362567855
0.2842400365301881,0.1974872999888079,0.140918132046167,1.8640792818477696,0.5430565022815234,2.752549473478096,3.2616737292798477,1.5457341740640143
0.3286489300961984,0.21089396882241399,0.18950019184090805,2.132374775138315,0.7519134413766928,2.6841058786442886,3.108840430082842,1.3973011346187187
0.28455707204780895,0.18211121822125234,0.13594335059007942,1.4944999740837193,0.697655597248241,3.0172604428498735,3.726332488834553,1.5051552737049512
0.3532880905733265,0.22083251936149173,0.19919396104838064,2.894965094597687,0.5983333083192275,2.655906135971594,2.9247410163107057,1.8754612328155735
0.3021046147049202,0.21231172693420777,0.19359003804099253,2.684113809159777,0.7085098256005924,2.6087322581934806,3.3748104846540734,1.847391007588193
0.29479204200540876,0.17840495140793056,0.18602970657538215,2.5983974215789747,0.7330325642575343,2.8838681226927743,3.3820252610883603,2.170657658119126
0.3506520360438428,0.20924860466431816,0.18290662505615168,2.0259428227520564,0.6958420519368875,2.5064583918667114,2.8546853492808015,1.5596446331209306
0.36296044655253074,0.19113662400384673,0.17198960996517398,2.2726236553520485,0.5631169937682339,2.5932523707547404,2.964081234935543,1.4557427942843497
0.3669490325380561,0.18420511532039194,0.1638971606401671,2.235123431434232,0.5448530127407125,2.6637672333675084,3.1362403761333475,1.4750106471823332
0.3704034921474729,0.18360563676908734,0.17068602579615222,2.1878243165848565,0.567685527611087,2.6791698834822197,3.0534389666460005,1.473117773124737
0.3637482132059924,0.17749128014861146,0.17533423875047527,2.2757343656265845,0.5488690800846472,2.714768596451865,3.0217370993337958,1.447033064650907
0.27068492898836904,0.23573118626018147,0.14701021585207608,1.6879263900347683,0.6141725518839944,2.6313631710335237,2.884745147270382,1.8963162705276988
0.4216716030161616,0.17899739563953207,0.17375873898808974,2.6627828961857136,0.541142040991259,2.8209700619778144,3.4428699140459487,1.407786680140637
0.4185440205881393,0.17944658764805077,0.18153580482189896,2.61159324353816,0.5840448673808366,2.8224234886876935,3.5227026779839075,1.4111987930840297
0.29451640910619503,0.216704884025867,0.16378049120649563,1.662685445036833,0.5880333972416916,2.598712535946432,2.668874808858335,1.4306553719366804
0.4009981887447487,0.24837640763404664,0.1841889620452988,2.7098762742982196,0.7769813551144448,2.4316015512904707,2.9312477780350554,2.8999077255144856
0.3787489486264532,0.21754512271163948,0.15211914541690633,2.2429555017721152,0.550134859509076,2.6083808907346793,3.2260323663237664,1.9681676775468013
0.34546732858705875,0.24670026272291692,0.13429878597320322,2.167330801563726,0.5426430978106418,2.4620094015874785,2.9962651317666342,2.3890309506313145
0.3177240385793494,0.22715832466845096,0.18631763339103918,2.4192017087642284,0.5853002964827568,2.5345919822947947,2.651387581281328,1.77404515235125
0.29838207896123287,0.21437335465659105,0.13583617841686915,1.591598820879627,0.7030432402117219,2.7936162351860925,3.322414611881915,2.2113761815736455
0.2863254332959904,0.18936648621186486,0.20001587410534583,2.4186987055058045,0.6340217114495413,2.7893490790372804,2.972875821215338,1.4811111898727463
0.2651192262277001,0.20035778135869595,0.19598191388972264,2.091443697887184,0.7398094119830138,2.7331835318951727,2.85889939266441,1.5421578216865806
0.3910219204986114,0.22082732405642777,0.17742363907445766,2.385710127307339,0.6523709770471388,2.5497300623239987,3.1550921768665643,1.4891861931696047
0.28013024258987007,0.18803688256114387,0.16323499034860917,1.7174933398103334,0.781248540419707,2.7907053029731803,3.530621444939299,1.5852859441504417
0.338608825532942,0.21526999114485476,0.16230335537236737,2.413610080735362,0.5804210966158215,2.5496152741048586,3.0620638460899308,1.8130561232265239
0.31057512552123556,0.1996197342411766,0.1780027837920414,2.3094882759462725,0.783873738054043,2.788627147594083,3.684112001088612,1.7797127447828145
0.29370490063238375,0.20564889525753371,0.15947097921550266,1.3886166477533557,0.7438508520329199,2.761130048236028,3.079714495699984,1.6005562026218914
0.30359035023469433,0.1665518120671885,0.15774593386595684,2.042542609341152,0.6527000570086352,2.663054508693783,3.4029817135541762,1.752427909825747
0.26127421186413574,0.27113055317975254,0.1583583221728587,1.4094434409632417,0.7307542126104799,2.374927167791792,2.3973490596355127,2.265417899869444
0.3668503462532095,0.17071205312892948,0.18758017314129466,2.5407853358441446,0.6749407516658457,2.67285406481559,3.427852410286832,1.4656050381737475
0.30186797102395413,0.22988139297575458,0.17721377359672727,2.0387625457433804,0.6818235908884819,2.7424182118523257,3.1867689895180655,1.61787904943321
0.2986730623368383,0.23318406436636194,0.18201387404590463,2.0607364402639474,0.7436651900998836,2.712452879596435,3.061104740641675,1.6641838149839803
0.4230553974199949,0.20894077342516895,0.16606003971642233,2.661269063798761,0.576936365665053,2.538571016160462,3.0772116849566977,2.3423893828420477
0.4347773919178941,0.2202560783905724,0.18166827558538548,2.699414264030927,0.6353252675043912,2.4383843112975025,2.9086161456186335,2.3556371744966826
0.4311610615531044,0.22776674368711808,0.18335862879632728,2.71902755958387,0.6638992182183909,2.3771384890044587,2.8995818599673853,2.7745298862661203
0.4071415251790593,0.17008474699414114,0.15608311633921965,2.2366459900350613,0.5403423520184641,2.726277729224315,3.5040739141706045,1.5993981609724437
0.3897079960488872,0.18298467563692225,0.13172943472528748,1.8368088607459883,0.525269689305422,2.682443242223221,2.978623882633826,1.871490201019556
0.40955419227192214,0.2314563248414251,0.16928300825943252,2.621889930035382,0.5207740567658706,2.4501946898065365,2.841546670025162,1.8948775189418616
0.28929317271177035,0.20699156946976666,0.1254372848692657,1.960330510783838,0.5535944194519631,2.839351051322899,3.642636551168853,1.8444422369029354
0.2886085646392348,0.19878387318559243,0.12589649175140358,1.9914496841447877,0.5524400276127555,2.787686752562861,3.6789349638107285,1.9101874711756697
0.31668815084861274,0.1971107339292529,0.12969009053236988,2.0294950104518126,0.6926961859515551,2.723334312138175,3.7585021698439127,2.29802865924948
0.35284432719215003,0.19945361390841163,0.17116776883578305,2.1259512561667253,0.6911905449849585,2.9690574681626534,3.569354545409741,1.5077995257086825
0.30430375277590255,0.21596807689914646,0.17968322012025922,1.9012825390488735,0.7474290967552182,2.5585042749013884,2.9900486588545574,1.726360776270852
0.3408418207214899,0.23833103831691094,0.14750312638865762,1.793453035663884,0.6190187807308021,2.625253556033958,2.893898952207708,1.79293533691271
0.34243475379774196,0.23815161168767304,0.14904885967578893,1.8257672276937207,0.6376072853649867,2.615603059790438,2.831011848859844,1.835121666662686
0.48762628452539647,0.1416550923611365,0.1764803763642838,2.4290965030279157,0.7110077581898209,2.551585642583794,3.3463335667904897,2.4797849870723336
0.4748798031510626,0.16320592985828825,0.19041722753071574,2.4309669120946698,0.5364831830972229,2.52633601617573,2.6574186949830536,1.5270996480941919
0.3914151154097259,0.17862398996825765,0.14360729815709705,2.0856349420916827,0.5186139685766151,2.77315740369984,3.2150803574619133,1.7258409120780405
0.4021077496847824,0.1464739561521824,0.15741987446172837,1.7891833446257988,0.6248838430672748,2.7279317967660694,3.4228681850778786,1.456742598535048
0.32259969264592275,0.24937372403367647,0.20106801886950015,2.7707246978201745,0.5866476690611805,2.550519906921903,2.703110439027985,1.4469893886779701
0.3169500068041015,0.18636076292341067,0.11347690296071701,1.2434944586931231,0.5213189301761112,2.753958563070224,3.294461633645422,1.4379484835607954
0.36556376412363634,0.18374256780679965,0.17559452905730452,2.207045052938649,0.753051411369364,2.860501288362765,3.6528377240149146,1.7770651679647438
0.3104282468429995,0.23331743426251927,0.12069117423859851,1.5507979702799755,0.5509921353828646,2.48019909956036,2.79527623390591,2.3508254307308913
0.3583238180037835,0.21881873281969758,0.16363903176819836,2.425547273883316,0.5444203772367233,2.446607117927854,2.694226277940149,2.2608106790656968
0.2887263517982972,0.24137622164585068,0.12546307348759372,1.8130032407970615,0.5640055103463213,2.5709021655306716,3.1255081566757505,2.260655012590417
0.2890055457929895,0.19439128757140667,0.12001264397362457,1.8154847938794738,0.5570021012851555,2.704558550644171,3.3232463702654447,2.3092832428699546
0.37579267756940476,0.2391704833229197,0.1925380973342523,2.4245136528078333,0.6778913372065049,2.3748782572628597,2.5605504721486145,1.9256334072013208
0.3541131434707762,0.21501183017831832,0.18786671657378465,2.022433158988251,0.8064240900533082,2.638312081119505,3.1034503083879375,1.9198284384340554
0.34058288557989175,0.2505686790427935,0.19035785914339576,2.1510471903603254,0.8638443391069556,2.3105261706966798,2.8612406310414755,2.3630493807377593
0.3550985379331829,0.2640086063538769,0.1697510959334807,1.814675062768815,0.6708287652933075,2.363622624707943,2.4026895178551086,2.1194541809010574
0.2848237370687119,0.20986612450360437,0.18935680072088565,2.081141204694915,0.7979525495261974,2.658398546231606,2.9797272499326524,2.1456470505598726
0.3180795591157166,0.1829329968765061,0.11864312261876565,1.436873668746624,0.5823099638086603,2.799673122429918,3.327815848819194,1.8790640946905655
0.28497531003367205,0.20632425880719657,0.15913796805321187,1.3336660315866509,0.8769751339078098,2.895555495183205,3.1862028876349484,2.0857225876861687
0.30476467389434364,0.20131687076512214,0.14585869862530604,1.8762822625135909,0.5417845753153607,2.70991417235627,2.9601897424630748,1.6654615825140753
0.33885165135816014,0.2364811983535916,0.16003864273220536,2.456357821340851,0.5254379728032443,2.484012095524015,2.957950223527268,2.113387877579716
0.3111720507382473,0.2154784978406769,0.13464587140095807,1.9265836742823874,0.5169146629359461,2.547744587297335,2.951454791340772,1.6897244709573456
0.3467687646602713,0.18749240711003348,0.14162782141604785,2.221998683919775,0.5223223756328683,2.6915884214124297,3.1052273412117914,2.0407798585554073
0.3168178137916286,0.18122835217318684,0.1658065527633733,1.2097609836921508,0.9213811541724174,2.699492360158457,3.495285966307061,1.6198142309219068
0.29417097598332775,0.18981791008730173,0.13133699804407517,1.0805610554112748,0.7969741046279546,2.7843860140605186,3.429150671931795,1.7341362412899595
0.2889995475652487,0.19849541273107604,0.13380431041925223,1.0735625385918521,0.7345726325768711,2.8093132813736164,3.3655522220600664,1.6363321222160068
0.30642010326214525,0.16779108544473875,0.2056004296864832,2.86540200942262,0.6611605332290109,2.7317057893001055,3.2941058136665506,1.7573817691057305
0.3276720540495407,0.1467150618325319,0.18919381021728066,1.751316463443905,1.0432573145676145,3.006127623009802,3.8075720935196093,1.9650187681290507
0.3213315583690439,0.14785358368004028,0.1906813021385933,1.8745178241779894,0.9641986025938204,3.029410800090116,3.735058861188069,1.9795719610911684
0.3586524207166796,0.22259636539888472,0.2031600050655452,2.3308036584562175,0.6797255782212073,2.308314209556344,2.565467718533805,1.4460262036375797
0.34018844524707625,0.19958624051383483,0.2059520529040325,2.640450982977945,0.6522793248074801,2.4670296610904434,2.8845124801099202,1.4200134039633756
0.33699001933945544,0.21919228804534352,0.2058504326791584,2.337598453629171,0.7139509616724742,2.4769564638393007,2.910547531170272,1.4318509610118764
0.317534058647842,0.18554870787788305,0.20311251856749643,2.5935462104372853,0.7291144782143111,2.852195083523564,3.2501554827000594,1.8838261591136132
0.2990528885212094,0.2078013928080113,0.20248699319367497,2.4831211607601316,0.7697071071379226,2.6050146609464635,2.97617926999594,2.0436822722708077
0.38967482096985295,0.1359170048845146,0.19999274932799246,2.937407921410524,0.5705606963169693,3.012437693482838,3.3874526727694523,1.5095803250398614
0.3644487438700556,0.14387361138744414,0.20086462556006623,2.923944519363509,0.5804419561312723,2.797275228921943,3.2437061748042426,1.5654689982617402
0.3310542665102937,0.13346893699484388,0.1444712029440039,2.00701245980528,0.5627919466229286,2.9829596124245903,3.6775276289700045,1.565242866958021
0.34944162616255603,0.13120764433416857,0.1359993849428233,1.8326363352230282,0.5855790394307022,2.987179251171932,3.6659169128351694,1.6817709102682525
0.27151204807745855,0.17264669909994385,0.1397948560766535,1.4672706655874175,0.6554070617894872,2.784050385611854,3.250043593396803,1.7945244006473013
0.3324939279434343,0.2679859882375431,0.17261905234869818,2.036446047039153,0.7906730648568631,2.4040119659124883,2.77951191672669,2.4616104193643094
0.3433357939383455,0.2398506211031224,0.16968129887829622,1.8383331444896422,0.7267975702823566,2.435814370144938,2.6686502651722583,2.0528863496601546
0.34867273200812865,0.20615659620921226,0.18975427087988717,1.9874346902420699,0.8115023862747254,2.6357786258144196,2.999902183856257,1.7598302857611252
0.4748691368098337,0.213280943197946,0.16455777706582614,2.364020457638353,0.6529265109500364,2.2374208768615502,2.954158823237161,2.209718559855254
0.43946907238582555,0.15467989194508205,0.17207677841828067,2.152034647462401,0.5957178096742336,2.781605563978974,3.107425659812273,1.7339917518881416
0.4280651166323878,0.16096004262465882,0.17215527408056822,2.5222924282809664,0.65201007867833,2.687949788751398,3.131599232509205,2.491934340428027
0.41137812723747513,0.1543998030246227,0.16211277127383258,2.5525702542787205,0.5733847545246041,2.7015708473416,3.335025138535885,2.124804536751316
0.4017491011176669,0.1601538843181618,0.15930311138938102,2.525047946062164,0.5412078129113364,2.665457572695978,3.2169174089599943,2.1314266651479223
0.38285869382384224,0.14218339144582468,0.1783351569453648,2.6590675055689363,0.5732961664006824,2.817988615848054,3.4975346227566013,1.6699657344689893
0.3057074268318683,0.23473101510707037,0.17083291117368093,1.6208876137844501,0.8760990976368883,2.7051710894312633,3.1846480356330003,2.0633836140349513
0.35725277610668893,0.21634613836829505,0.19951605700704067,2.507908106797591,0.7292418950527535,2.4963576752952434,2.8934791416427985,1.8998919400075187
0.31299703144889574,0.28634960472298293,0.193255215065675,1.6603796388752021,0.8892951120608014,2.131464491507128,2.528269113722979,1.9897487528407414
0.34130462520954247,0.2200465710183089,0.19339979816805228,2.3171428222323036,0.8386712914633702,2.5821435854607935,2.908819150620287,2.5152485942131415
0.3393923148235761,0.24472995942570427,0.18756542079381905,1.768208557634323,0.7452940845841969,2.5315989019275293,2.474311542328909,1.787180982913765
0.3127464001650328,0.2483696354975011,0.14966530585628282,1.629074067648529,0.9762146446720416,2.3547693413519935,3.2780877837650384,3.1134623017297822
0.3727394889528178,0.2672737096026644,0.19840394970897826,2.2094562105803894,0.8943074613002578,2.16043143742126,2.6648908419432353,2.4096305117064305
0.36918842745376673,0.2781081881250568,0.19998275349134614,2.206149470483121,0.9182461784836157,2.1228816069507097,2.595411596405438,2.3631455264843075
0.3653164058117781,0.27958075416600087,0.19925282520218107,2.1474650040682763,0.9200550376905045,2.1356581658639193,2.577134625417688,2.335570158576759
0.33057993193699525,0.24731038907341016,0.19581015637687393,1.8736567632506036,0.9628537708351296,2.3480016917115343,2.902310431608982,2.2199664665999395
0.26934238543226474,0.2102969469877268,0.17685100279258148,2.10849108253698,0.7886735511978339,2.6860179471247596,3.2354492025443227,2.114729307910141
0.313906607770636,0.1835352077801381,0.1688323599875537,1.8489689201282062,0.6568772274311352,2.905185906680011,3.144920415725815,1.6496698812911947
0.27964012532633725,0.24126657009190536,0.1554116588698367,1.8713951839938856,0.6496174909864062,2.3136506640395735,2.770510852227443,2.2623833198645067
0.3575844005801432,0.25337476609555004,0.14217679879407696,1.8627891250056192,0.6265582102724137,2.404639576098904,2.7831737236815717,2.3293277285579665
0.3839050972465353,0.2064818635796732,0.1866729583348942,2.115584968376825,0.7568038747269932,2.647770607621904,3.111266584743925,1.8544378555325267
0.3498797512940797,0.26660211957270186,0.1617055830232109,2.3424585925374277,0.721849570213911,2.3266306766389326,2.8023008780046497,3.014578567713083
0.26834113881059757,0.1873925265907087,0.10897858626485972,1.2171843804519649,0.5632974689265626,2.9009768357907384,3.4302358042566423,1.885446598088532
0.30200876383522945,0.23128317267767412,0.1298207268506041,1.3315735856210624,0.6226278696488953,2.599224807158503,3.076714798557624,1.9237692962834274
0.3031598874901733,0.20073047717350848,0.17631073661627672,1.9329203287444636,0.8612065735620331,2.792462499282689,3.7463265914939994,1.7895052110975094
0.2862381243010719,0.19353659002852652,0.18744997674272013,1.60128625258313,0.8779911037314911,2.7895770644664335,3.017659236176163,1.5733403886465958
0.2632652553364788,0.1625354362287074,0.1744707952754637,2.3775720651087524,0.6750761739673874,2.812124645290148,3.495490502510376,1.901986407153281
0.3106017295121327,0.15836363096631947,0.19133729133633132,2.690086169311149,0.6043390179177267,2.9403822017670325,3.3597164337550462,1.5536825924491473
0.3224824785162175,0.13914666058055272,0.17787541505676066,2.6043646576010193,0.5543207807740671,2.8483803492962796,3.4131347693329896,1.6628753892329842
0.47063917065456756,0.1441261877227437,0.1790197565806051,1.9627014469441064,0.5978730476883246,2.6027508078278325,2.9967812829115474,1.3927722358312744
0.26836963472207587,0.21449151396585897,0.12011771486636372,2.2433631905391884,0.521463950519251,2.718183717805523,3.3163528771394883,2.833171438104635
0.26925551392068564,0.23239514246654305,0.1246772440369214,2.0138353544116745,0.5244423919008921,2.5966867074162154,2.9915577828503865,2.4814844858135814
0.2745746952170699,0.21063932585951362,0.11695346631682936,1.5510811524937678,0.5175424352310171,2.7282069000715023,2.975425590245031,1.9063368913592023
0.3468146829132821,0.21040559152661775,0.14575773694273791,2.034568254552007,0.5373136040759768,2.5450997330352667,2.974357426778941,1.9405073130915753
0.32405274493337616,0.2670432964432469,0.14901766067804745,1.9592731340851393,0.5150831376191337,2.375799701508906,2.5326253471951454,1.9676481411010724
0.34359904884163917,0.20294951039916542,0.16267201752212943,2.5357074855406676,0.5125600517855589,2.571395771728147,3.053325395513085,1.9052923265364745
0.34961123432199337,0.16597478103690913,0.15355991646206504,2.328536353117046,0.511968942114989,2.7938199049481107,3.5220364844515886,1.536202089825383
0.3525259087542989,0.16394959734552675,0.14266285890077227,2.1227969451763373,0.5117889084494716,2.791459454768768,3.5247234918341457,1.5200403799666182
0.3208150425439338,0.2582043093286746,0.13941614236851738,1.9301100611730253,0.562911724308358,2.569392126877005,2.681619881521728,2.3752624813969963
0.32533386502195466,0.18900513671562946,0.17890968667447657,2.169594531201016,0.8092153379148038,2.7559186736777996,3.5105597637950168,1.6609591808998792
0.32018256450464194,0.2327751247638493,0.19474361854084657,2.366762805535171,0.5682504193238346,2.677095295583328,2.6128692115151724,1.4661683956923952
0.2951388448742825,0.21220991403934772,0.13452935333774604,1.619540106865848,0.6681425607263904,2.5439536911599943,3.3333947537640802,1.7076900569014957
0.35243633212585956,0.21045489042051388,0.1643776735317903,2.221529548037224,0.5851022153697377,2.9253442840333346,3.1378334854721586,1.7363759655382989
0.29396144806205415,0.17645640535701418,0.11991130881366759,1.5550240018271857,0.5501662287733867,3.0391908857301013,3.5861053748574436,1.6501371152266915
0.35174074611142025,0.2579500491410189,0.16945336415677925,2.26154846942464,0.5166938586210215,2.3132506487154396,2.475511741037848,1.5602048583239445
0.36479511709486817,0.25495311579695756,0.20075323025959751,2.682289428211717,0.631013370938179,2.2980251805956775,2.3375498266037735,2.117803156249579
0.37080348458475526,0.2410032736276133,0.19693158048344994,2.585454332979532,0.7094605078963961,2.386786821345806,2.6302766310163412,2.1701822729595306
0.3313884055197562,0.20093368257015007,0.1563782635921366,1.863210724901015,0.7218521016782031,2.7151005061380813,3.3155652819625105,1.9373772506124676
0.29055902155048546,0.20115145430566572,0.19091761647745895,2.284996737181695,0.6530586457131906,2.6641674835297793,2.9542681307823044,1.619278232196343
0.3659560547406787,0.17552947453645035,0.11278433678794578,1.735854050802063,0.5632381072312604,2.8848389224946387,3.705548113952493,1.9584419770542225
0.3940038932112632,0.16629019648144314,0.1364888499761807,1.8821995459655214,0.5409635852652692,2.8643997706181077,3.623113277888155,1.575798693172126
0.37583010497365366,0.17186285304953872,0.12176628434452237,1.7386997148954473,0.5269491359015871,2.8998079435958974,3.648521792136139,1.554039924947906
0.31557425933490946,0.21980368251405263,0.12008254738772556,1.8438996771558127,0.5242925528457899,2.7728626956034246,3.5554731305269005,1.7363063075926795
0.31880470395544674,0.18314683523741637,0.1603212363131745,2.011565017375745,0.7487406397118043,2.8042119353587456,3.44926175070798,1.7972171901561536
0.314130077362252,0.18542360705704686,0.16045170284828397,2.0613118290725043,0.7097762149868097,2.7855264517744955,3.41979646436326,1.844870693507304
0.29819452898389365,0.19316435394995932,0.15352470876614557,1.7758594971158113,0.6606400043573062,2.6887794375430762,3.291886285251927,1.756910354654649
0.3551171844680486,0.19847618147553056,0.146363318324364,1.9027392346257495,0.5663719680810346,2.7243079507727095,3.1705679618942826,1.5585039112975019
0.2787070431561125,0.1889682828915761,0.186065981772948,1.9745948926931949,0.8136098019259718,2.793285463937778,3.4627721587539226,1.4550791813979458
0.3463615442816562,0.24545318034551727,0.1867761486328451,1.4242560286460904,0.8215597354631629,2.3610279631584374,2.595887458230935,1.469047945656608
0.26770213915894076,0.1771475262331711,0.19596443481901785,2.7876461526664955,0.6708173382560684,2.877765929911005,3.584525474763276,2.0105252885308826
0.3037347172541764,0.18590363620071015,0.14433559998914391,1.0714908182287743,0.7452069302396361,2.7580700422500097,3.419518101236197,1.3749989238537492
0.27929065554946175,0.21522940560730147,0.12537049021606667,1.1454337846978553,0.5357232832120524,2.7496671306038243,2.835005904347747,1.386827952766149
0.33850245743607854,0.20759136531724398,0.1621268667531222,1.2202268439068231,0.9065336370297578,2.808285266651161,3.505334972267039,1.4411704742677878
0.2860032259329193,0.20350542102370794,0.1588918915473154,1.313893079372053,1.116089720357063,2.699756051795224,3.812688498592616,2.7756152457862764
0.31688926515669485,0.17554289735967993,0.11710150229610893,1.0737583229653371,0.7594812894267902,2.9911733728743637,3.9483209114934574,1.4512142041321374
0.32849209101382604,0.17373857659958206,0.11283182487271852,1.0882960249038838,0.697503291107752,2.9726879702565867,3.9392590482255523,1.4583856727302484
0.2967712036622766,0.20382824512516148,0.12011031284962716,1.0956431228100458,0.8020555293530013,2.6896950074542985,3.9381147360150313,1.514267289257088
0.33641259781764155,0.1415953904028166,0.15756938085629593,2.1180240429207786,0.6445289313073981,3.093533223764979,3.9651525806873145,1.4266393307402772
0.3201444829224834,0.14008131075992356,0.13911590737104643,2.064493381101636,0.5676539072867182,3.184091703710554,3.971589716217922,1.4185243494014335
0.3332513754994476,0.24437376574094796,0.19862838411375142,1.815623728737687,1.249981572787228,2.459247901434669,3.773197302777854,2.8488977562458104
0.36315553947578344,0.15987072677673925,0.15018507222511643,1.6927018053415268,0.7524187536425134,2.9479989042738324,3.9585894726845723,1.6122181754049922
0.3963857305000355,0.15757590980394223,0.14335529528058866,1.2033453517369388,0.867866959480174,2.935264290396241,3.945024023836424,1.4433342534317277
0.3454509926481258,0.1801295713876371,0.110566326854476,1.1229083230633472,0.7069856988901722,2.864697850027538,3.9020729047428295,1.518682413257051
0.2593852967926057,0.18722232861150762,0.09944495303676319,1.553551042729519,0.5581866236670244,2.692405856902487,3.767683186444657,1.749210945917792
0.25329121978634656,0.18856829224946584,0.1205495148031746,1.4559595089013848,0.6721254045824848,2.786654043224469,3.602817546175892,1.943972813145989
0.37776583807629455,0.24441248657077838,0.18509366983343395,2.250776882879063,0.6402339646596226,2.430504201390083,2.5248824721621412,1.8110284431696186
0.3763247716405709,0.15933315391622196,0.19261443972386974,2.2921552897267707,0.8156664601985701,2.853781082577763,3.570435821370244,1.8939886920729156
0.3805776638864735,0.14464794714275153,0.19036460679102718,2.323579733235292,0.852143636010404,2.9508330780235665,3.720614726200647,1.756614459010345
0.38622582360666313,0.1471439541377302,0.1862233820264943,2.061309671448515,0.8727786982681534,2.983478540511423,3.770445018485244,1.6371788471939852
0.3640771441403788,0.1770696861434088,0.1970947876274539,2.5654391020849867,0.8029452523585731,2.5684417925704746,3.017144329300175,2.3462044820953163
0.37542651556222517,0.1884154868441521,0.20064140153900714,1.4049583854302696,1.0494096613768442,2.7661826840409764,3.3380138523717773,1.450566269907822
0.32340257831368024,0.25010250531441386,0.13058078122438393,1.055519153855132,0.6351546852492513,2.6250436141616937,2.831509840747449,1.4434332886199113
0.3193915120347324,0.19280152428469552,0.16530209728804998,1.4106476344391734,0.8630124144056984,2.7769117024254992,3.196917817414178,1.7389809132015845
0.3423270928025725,0.22379811309920553,0.18079140156466034,2.5947232487661713,0.6246330055309238,2.583853250488878,2.9852927744439457,2.106742097743337
0.438971898609614,0.23117698849251056,0.17961061209462728,2.2770555024716037,0.6346473402293084,2.4309713893581906,2.5564470401043042,1.8966167957202607
0.39206403638827303,0.1594441174864307,0.15096292931120148,2.186852640165358,0.5723269194211216,2.7745888509269117,3.314805668487205,1.8979287992795508
0.3977198181934438,0.23966755630353037,0.18023190006851697,2.5052507823857386,0.6096291847319667,2.337880807592442,2.720629388590234,1.921816351346624
0.3768075383421197,0.2481645024985971,0.17813322297465367,2.2657523957930765,0.5688664238801876,2.377753445019857,2.6390801733378733,1.5342987776284442
0.4084509410593686,0.18711391007770634,0.17386230579710849,2.6148779866635614,0.5339772169766025,2.750762225002586,3.303900735571899,1.7104502492250728
0.28067759116296426,0.234071942025685,0.12884193294837012,1.553491099824415,0.5465039927129187,2.515349736868191,2.9543671364945174,1.9733753779333079
0.31654906724861903,0.18631394823162528,0.1521035349152979,2.5184300011754983,0.5203878202100949,2.8015559467121167,3.545999195770216,1.85203194693288
0.32410203543246763,0.21769171129042278,0.12360247512552396,1.8514439108188503,0.5201537841711599,2.5739137404182837,2.8742091971784056,2.246334202033461
0.30317281226300524,0.21997952160897552,0.15563836621767255,2.091621312477241,0.5657806295402792,2.6507117859325526,2.9945462630346236,1.747247039755528
0.320921753356888,0.2423386120104205,0.16391418795409027,1.8970741981326413,0.7088609052142529,2.4215105724220263,2.6173612667840174,2.2646483681169824
0.29160462092554784,0.18148648176713128,0.14063454652508478,1.7828115502451092,0.6304800294431848,2.9174533682111004,3.4737102813022056,1.7957600497162773
0.2743301191689052,0.20194453475076138,0.11068699746363704,1.2388328666176873,0.5689758270238242,2.836253494323022,3.295342401527621,1.6221916425356884
0.2936327625596905,0.21113358556691672,0.15262662383787526,1.7272388842331083,0.5918125634542153,2.7124543998432875,3.0859026632057662,1.5488241997822685
0.3100152649531159,0.2475949404647523,0.18085896807540577,2.2853376122309537,0.5556051420421397,2.51297111815001,2.4944417974455986,1.573981632030592
0.30450508140838256,0.1814644125154993,0.12566138806427488,1.630470559223331,0.6823308967052208,2.7751516097149076,3.549661013594761,1.9863304778023063
0.2992558085862781,0.18273066622270198,0.12594826848628923,1.5274569362332753,0.7150867766395134,2.7605876865675345,3.540849782029324,1.9875929817327347
0.3354759049943803,0.18020389038898696,0.17029130566465103,2.1255880048079683,0.7968573460902622,2.6685641958784143,3.485288839464192,1.7202873305397612
0.354748701069458,0.2856785786476825,0.16651820869959036,2.1205501694278723,0.5896958733504242,2.3209973260164665,2.3583703190539036,2.417493243752983
0.3739212621968005,0.289070868414925,0.15817713273976286,2.227323464286333,0.5424542677209533,2.331094028229257,2.2647175860087,2.2113851727197305
0.3627640547881302,0.17702220877148112,0.18855778499710493,2.1421473197728016,0.8359276683887842,2.6500988619584533,3.2938828101623545,1.960892776652024
0.30013971471447276,0.183019121766769,0.1992200530466312,2.243356591944168,0.9045904066978949,2.7699555620887266,3.5675952412277896,1.9003658773982852
0.28345371567259897,0.21521668291725565,0.14192162925117238,1.5139871896933932,0.5511910642296011,2.5947581202445744,2.7816488146471423,1.8358428006266416
0.326661555873831,0.1989625600415235,0.17414177746590295,2.5711081420281667,0.5115828474504669,2.8302239651533707,3.254318149082736,1.4727272223126144
0.33480070137217605,0.2091732708201629,0.1919703652681215,2.778951398681666,0.6480108765505779,2.6353357557022012,3.2549645178427515,1.767530664251926
0.3479346914588207,0.22230565043107128,0.12925869041094562,1.4716746524633901,0.6671823523877636,2.8472160514038474,3.184030381053672,2.1690126675419736
0.35724791788932797,0.15809876414993465,0.18932965696985982,2.598675589729144,0.6987286800016943,2.5996601550244027,3.390459846555834,1.5812902040170973
0.27303654396505384,0.22909273098456884,0.13549137152925853,1.2529221194919598,0.7610977755318649,2.8372028127525195,3.400969112790502,1.9181227402265553
0.343478343902432,0.18575785663415798,0.1820651349110638,1.5503712308188293,0.9905106523641494,2.9122472416308245,3.5432028337403696,2.0935347396237534
0.3429036411448611,0.23275201782436417,0.1427819186499708,2.3791902414318518,0.5237798582393322,2.4470370378545296,3.1293130855646094,1.9214944595248225
0.36576590558502675,0.21068120343320867,0.177584532094144,2.594150642070453,0.5748849340864638,2.52658399528215,3.1326989776663625,1.8962142941843336
0.30668685050445,0.20242893025047606,0.18209462138688537,2.9197586317267477,0.5549159415330548,2.854578801411436,3.518171700598891,1.7871490810904218
0.3484598660398861,0.19315616392162063,0.19995951633160722,2.9201478107408536,0.5939579895590349,2.7199120399115277,3.0615643020107366,1.4796340411894628
0.35291473945319096,0.18333464065281815,0.17435827408065535,2.9470517230012896,0.5461982927524625,2.7770635929340135,3.620302001058863,1.4881395530146864
0.3211917569036871,0.2255703010196827,0.19583128274170555,2.9587115037360676,0.5242455425155456,2.6328952195180486,2.911109517287079,1.4393465167301926
0.3967263071971003,0.18623026021927125,0.19639198089159243,2.974479487356605,0.6399608022818319,2.6310864757787886,3.3987691396877104,1.6935752957173495
0.32113425595270645,0.21826343706790896,0.1957933660608427,2.9780607499845475,0.7070727654325302,2.671971905952501,3.355653271449704,2.103485682833773
0.2991122984131234,0.19508707344106402,0.18049455721281468,2.974017420240345,0.5672329182697206,2.7374801902347383,3.4053082505542873,1.8707407288668245
0.4254148391982856,0.22733834704700676,0.1744600601262805,2.97456724112757,0.5576209979622878,2.519227299559275,3.2161018224261055,2.0826431667414607
0.3720583459307097,0.19242616460151643,0.1676369062467224,2.9596435335464446,0.5382376316078143,2.7593256431939865,3.5980085517966054,1.8189980077313028
0.33113203990506757,0.24424933909344726,0.19472051908403593,2.9650817578748168,0.6643225921530875,2.278158912093211,2.6717506236765307,2.622256999432148
0.4086589231700402,0.18448080035942638,0.18535625338026349,2.9732508196036425,0.6100480094460812,2.7894623926281277,3.522553258078286,1.7448950592487784
0.3397613873438821,0.23155784743181898,0.18681515281615865,2.9452487576182165,0.6598507730314563,2.609746244313639,3.1805836245770998,2.4361072680095894
0.4004049668567144,0.21094185376492422,0.18950120125886233,2.825124390985172,0.5594942034089793,2.4955474333800263,2.8715038617280153,1.8739309646292799
0.2770703363205934,0.2476805796865448,0.10286184268306124,1.1885570274081678,0.6381063698164536,2.5273234786734795,2.947392884473781,2.6818698293497536
0.45053932006787945,0.2014432418745019,0.2022283700064888,2.939951017244425,0.540902074292732,2.6124825261702442,2.903839524201819,1.6090200512515607
0.4627329754618929,0.21934231231930054,0.2057343402709766,2.9487872757339586,0.5548355649719465,2.5185871522648853,2.7893202504158325,1.5307685396333786
0.4452668643631015,0.2183711389538899,0.2046256284012908,2.9105450946235423,0.5302008893710772,2.4925004386517458,2.770677842222536,1.5248103736730876
0.40364217965430443,0.22172731647742452,0.18733882680183359,2.659150066001182,0.5144243358753038,2.5298446289219894,2.673234217606099,1.465412243627817
0.27863021172232655,0.19511143584130547,0.11738211344401436,1.6988441571454618,0.5153008741294708,2.853053417769748,3.442854439708689,2.062785281097498
0.36137356616205,0.25365592012112687,0.18642573878125832,2.6186831403119615,0.5513797665064613,2.4210508988848845,2.3436287237299123,1.992148369853477
0.33744501320861675,0.21090480264788614,0.12598667286700868,1.8316195835214226,0.5325736599577162,2.848359574036584,3.269545657245201,1.8286744602800376
0.33051587802930865,0.22835181959187775,0.18784773621835035,1.8426138090449662,0.9366501449873921,2.454842535069976,3.2442297278189764,2.0155449086075676
0.3459663000016832,0.199589973781935,0.1834613104955386,1.8985354993325703,0.8930892172117356,2.5692103909751416,3.35248106108883,1.9601667695304796
0.32637421458171667,0.24050637997559085,0.17611871342214763,1.8337021443882275,0.8550563305275245,2.5417656626973595,3.1626659011915943,2.080059209609189
0.28580406499470185,0.16733382482856604,0.1766158827719034,2.008107241863012,0.745666344779182,2.9226682799899066,3.5956647968697046,1.445926828516984
0.294672618994777,0.1705908442005213,0.16966870289304067,1.862185050584325,0.7427334555731283,2.83071694525723,3.587142888466312,1.4297070812498405
0.3671255272270828,0.247024578705941,0.18141278430730925,2.2527249898680934,0.574693436461453,2.4898765923075046,2.6559942419886426,1.4507564037492737
0.38709595996308843,0.2663589435016132,0.18053240591181877,2.10369911883637,0.6316474037522726,2.340425044987871,2.545043556241907,1.4595722206153487
0.31530888085314357,0.21029635410211767,0.13930466252932414,1.8491505922586875,0.5227359770077564,2.552824942175626,3.0677546140964425,1.4022780085921847
0.28383119764468356,0.19098929008701634,0.16823868670041722,2.0951152467066643,0.629261633440894,2.965743867614655,3.482677399814308,1.4374955204337505
0.32700939855490774,0.2186799828107604,0.14541314470746527,1.8610315698730318,0.5432217484360786,2.5884121357722885,3.076945143729982,1.4361254479134729
0.3043886666720768,0.2079166069605306,0.17132832434107556,2.134541940877382,0.7003519747124404,2.627946020677803,3.2229054007585263,1.7037648571808877
0.29893622501083345,0.19443448132014204,0.1923183399229258,2.6659659119969685,0.7881006609528206,2.6297513548685463,3.4255195347437004,2.2572640098653016
0.2877687586372739,0.21674537748607095,0.1903732595360656,2.50277561379184,0.7939680181184323,2.637801795855861,3.3148618191072003,2.1482498874944516
0.34917939031446027,0.2012832036866438,0.15035661739039063,1.6612042570236814,0.6603663703234461,2.7259956490740462,3.252723559451119,1.457642714795694
0.3492390638368215,0.2106537325288652,0.16769058545460044,1.9868198789460363,0.815082346459714,2.718068574673248,3.568442535126561,1.861934933660625
0.38403417545468044,0.23305432877870508,0.16200928182188593,2.2200275297695278,0.5665152492011907,2.5446661531161494,2.911180142532262,1.568619654878363
0.3968391160755049,0.24958684227493766,0.18209252928665232,2.4169589808605894,0.653504032634978,2.456446836775551,2.9719571793701034,1.7243176928450974
0.36100413643129303,0.21021633423892427,0.15429377210731174,2.136251588834101,0.5355819479036096,2.708556919882658,3.110269104073739,1.5576197457811538
0.33158745910396664,0.2234541457313397,0.12207482103168019,1.5500141854970322,0.537291689768301,2.6988584154282345,3.023305018316963,1.7942502638712758
0.32725977957151825,0.22206746356326262,0.13171889904732767,1.7024117241162524,0.541910009163455,2.709201293696548,3.161538527518299,1.8143177084852598
0.3121591879313441,0.24392947828782202,0.1238325061741774,1.9394857683343403,0.5334392547177247,2.529545196812933,2.9809866834321084,2.283310330632275
0.3143116299362473,0.219623673844216,0.14362876738388897,1.2956682228849608,0.9059515525358514,2.649144064776637,3.2962166078949577,2.3871219413679072
0.3620329929800717,0.23479151476631563,0.17908545803099857,1.8159322145843555,0.8698202928510878,2.511280099668171,2.9171809204014583,2.2247431523963854
0.3671587345629136,0.20469452868036261,0.1416826416964287,2.0236651228122953,0.5464456698012098,2.703213836239846,3.008492870770714,1.8660375201363888
0.3612007010086004,0.1989905559071223,0.14983093941601586,1.8857539243699004,0.5686802354282576,2.7898884776255963,3.1764626399050115,1.787183367263683
0.282662801444243,0.24599010834953847,0.19449913995050544,1.9763491656171182,0.8443832729033253,2.4763977015557437,3.0223108277861463,1.8606933919395559
0.28583864968131284,0.2392231355367452,0.1934183463549337,1.9163582432972728,0.8127921261984022,2.447374677724942,3.0178806820832325,1.7246094687455433
0.34448061603907987,0.24870327334477615,0.10027212454171341,1.139315748305128,0.5979706890685058,2.6000380189231986,3.0599920047865368,2.247958466210076
0.38566679620285127,0.24076204403176965,0.13993282455778663,1.3026366980933048,0.7515729067382478,2.38166191479091,2.837594327278478,2.0069317658060464
0.32515185269100527,0.1907462591390511,0.17637391941401293,2.6046267283902083,0.6970888700852657,2.7053071509644115,3.428960116424753,2.0545131106429078
0.3419881009585894,0.2052992134339537,0.20235002401441685,2.9149526655420597,0.6483344673908551,2.7329696645092203,3.3715938099909177,1.5978660278021664
0.3691937949909924,0.20898783324330486,0.18460565394114256,2.924288210533726,0.5375935453527437,2.6461593387071822,3.2226639586463888,1.6989561026287179
0.3687944173439271,0.25079039605256565,0.18718092924331878,2.915258553627827,0.6866773712959265,2.2518141097805846,2.631057397385565,2.875277583004268
0.38085300213616996,0.2244360884485081,0.1663432762463941,2.8615895442013595,0.5708124568648266,2.5404904809022293,3.2289250222025427,2.2862066492932147
0.3801980825635226,0.22054576966093672,0.1548080883058377,2.831085918186058,0.5507511912915863,2.569400417788302,3.2811907599666252,2.1407011019576028
0.4252224540971268,0.22584014805581068,0.1977547031387591,2.9410963863414072,0.7867420105651113,2.4426652764014247,3.325049438004232,2.247602256620092
0.42774297759965313,0.22677546670790683,0.19788225224220857,2.956131746762448,0.6664475837562769,2.408147201591897,3.140981865897855,2.0118132410079568
0.40338453400458957,0.18739481396292743,0.17672457152397195,2.868578590931832,0.6227377145909027,2.601007444823623,3.5675314020051307,1.8231104675958083
0.3186525242018008,0.2058905921642197,0.1772869275547354,2.8537385476659627,0.5695507959605721,2.77258003006636,3.3023836742928885,1.9478041581725445
0.34635759368622243,0.20359850752911873,0.18633606922095183,2.8491113628515508,0.6610087657984646,2.866547917811523,3.525349918226966,2.10868939111063
0.3313312722786488,0.20862653847990548,0.13261712036692178,2.0286211560147254,0.5270747002432121,2.564234834579277,3.1598227532531973,1.81074281629882
0.3100771454915176,0.2399227788709887,0.12743995667914754,1.5650692340051318,0.5223520492291989,2.4748860478757173,2.884035077131043,1.7658790085462759
0.3285719097113644,0.17646659426205752,0.10285145823619342,1.1874005968287866,0.6016981231338844,2.9132086932594063,3.5253790480437117,1.672082661972377
0.30137882819354006,0.1877866368677357,0.1008435226836317,1.2095057062791028,0.5549565480831647,2.946812764388951,3.509253723660647,1.7601446524497288
0.31165866988280494,0.18262612398510056,0.10165924701125553,1.2097554038190717,0.6078324326009122,2.9779548989810554,3.55159351667269,1.7901116262003842
0.31045055608630023,0.23464696809615326,0.14427866251788868,1.6222866082982472,0.658847726969882,2.6713652487830144,3.0015718939603544,2.0729690855859544
0.29750902918505434,0.21476852497727913,0.13945521216532886,1.4003229404993358,0.7286924099616335,2.718595324761096,3.5121957931100836,1.8298631516478576
0.2739318274034266,0.19441165522619697,0.1766899263972016,1.5566690425139202,0.842550272136177,2.654356763935155,3.07511980858914,1.7565481731504677
0.24227241811366532,0.21704898513482107,0.15555116467641802,1.33145538030016,0.7865619106349392,2.68088314188718,2.9579252350658773,2.0449473522782244
0.28770059659943975,0.19694379957921335,0.15480699716957264,1.741507546744684,0.7408114721464037,2.629670160615674,3.401908577030566,1.8526206856356822
0.31135278232265323,0.1808018833291207,0.1710839486801672,2.269320362753103,0.7293047225322312,2.9069235892333163,3.849733571605712,1.4326838807649915
0.3711923131418756,0.187160558532595,0.1980627083908921,2.720454319814786,0.529186719225088,2.645615156886714,2.8338780148186737,1.5560874902279038
0.332919896646087,0.15028214497363898,0.1860081662684699,2.297207209325892,0.7005779523575695,2.9472780484435757,3.5569634720012844,1.4902896618786912
0.2849695506123129,0.16675507395200811,0.18754355834071815,2.1360527023295712,0.7140054713152681,2.8245718628840373,3.174554151113873,1.5452217784802065
0.38733574225186257,0.16641169079172427,0.18114433271588606,2.7506116756506054,0.5296741219817227,2.6234000853342265,3.3312455937947667,1.4093603684004818
0.32460463211582224,0.21253870234427197,0.11476162803562169,1.259509755940569,0.5490616500686499,2.89842658711817,3.3577031743430488,1.389494428593811
0.3908031846987059,0.18204939125240896,0.19743910995812905,2.6941045593933324,0.5855799661453133,2.5224855856232016,3.0145394994293553,1.549288913651344
0.309076690429988,0.18706709065424765,0.13496592906291008,1.8283170343489328,0.6206404456281706,2.9209198479805196,3.5640384252882518,1.9419497879209047
0.32023598094793204,0.24414593747549038,0.1342310442028886,1.641839161379722,0.785911747967476,2.8349184076091625,3.4829873800009428,2.4834843536051285
0.38232740101211826,0.1360247684305455,0.1811640495046428,2.508116488454234,0.6255410381714941,2.7902393870831004,3.6051937354463517,1.4585017509316516
0.30861086245787017,0.14659141266619727,0.1163064838697087,1.5351904756796173,0.5494683363243784,2.916867950366431,3.6936542531280487,1.481431322877996
0.29505419587152043,0.1673164433082981,0.11689161803958135,1.3493213811014249,0.576665091433488,2.6378235672956167,3.5379348341337065,1.4290886728779841
0.23829420965557807,0.16955436616892547,0.1987453692292671,2.3540065901028284,0.6870922444701595,3.0175184208320065,3.2787828405134536,1.5445601121570947
0.42623943630970895,0.29716698474806413,0.17121454473850747,2.5919806491246478,0.5431884864075983,1.9620692928599714,2.1368343965859347,2.833079401628642
0.4118364694743598,0.28281485126293554,0.15842489381254704,2.2473427529832044,0.612253660042723,2.136349612986421,2.319517561185697,2.871172599827624
0.2905292010358385,0.22192239520698165,0.15033715160261768,1.7485551417982825,0.72451803448629,2.6373177760475204,3.2201385722975346,2.0421096029696373
0.30874541656606996,0.18592197017333742,0.1335169474557397,1.437247323087221,0.6941876869170357,2.9257601685680408,3.6585401272029276,1.6232104147057003
0.3630593165635182,0.2606479114445945,0.20383042596510212,2.6601299467960153,0.7795639973364022,2.350117496949268,2.542653624581733,2.549856015297613
0.34929132173834804,0.25927640163052285,0.20177122805088607,2.5030866626214583,0.5631952843461573,2.267252104717481,2.1508817874196144,1.7563054128290008
0.29830439826577704,0.18904523778819954,0.20391107277561196,2.4537079890563427,0.9062684011989968,2.907412835171737,3.761800258294365,2.1721796332701153
0.3180628773876853,0.21436321448578918,0.1905190890915563,1.7297045903399153,0.9157554839278235,2.7110913573745337,3.356081068666734,1.5897354211229409
0.33914234024693957,0.20739532786779236,0.20526814818547046,2.4730467808086414,0.7051133197894578,2.594039309664479,2.9039941533282665,1.5275941478944064
0.3019588571322685,0.15686506336046444,0.17741573207700762,1.6057326187746614,0.8302448734216394,2.972967975595749,3.5259915979626553,1.511438072865067
0.33380731762803423,0.1387308175557228,0.19965331171618836,2.6970343943519097,0.5660885675655322,2.9508457020497842,3.1198360511683805,1.5076996659281197
0.4262577487645559,0.13776252254726246,0.20391691037458212,2.91944691879398,0.5785772129065829,2.826614437559808,3.307246486218698,1.5054115085671216
0.39725288280975396,0.15112785680167462,0.20211777109096082,2.7542899265139447,0.6531202314929062,2.7018795878806814,3.1672926081721213,1.598563329909151
0.368751431063108,0.21417840160198875,0.15597182376175,2.0149486543292063,0.520802060087838,2.654343446010154,2.88112242527808,1.4656187089714752
0.3250536010427859,0.20530453460429682,0.20275183469082939,2.7280138175334847,0.6450295879939236,2.667233210142301,3.0472494335414946,1.476531757961432
0.38677700639331836,0.19682890745903403,0.20124783866013435,2.788410611948248,0.5808199786307647,2.595391562082578,3.04749380074352,1.4076549039726725
0.2954896791060038,0.2221304060333458,0.1978825254755188,1.5306438492239274,0.9044712055093788,2.786106527104063,3.092875625573659,1.4059324362385894
0.3148873062995861,0.1756382378616431,0.16653215227905832,1.3273702885204732,0.88780834827185,2.822860988223161,3.6128533439874113,1.436871729570189
0.29299297796430895,0.19882836814941526,0.1595602267304727,1.2881630963828958,0.8655200002989728,2.7092517390449076,3.5511915991604335,1.5514771285049918
0.32346956444293207,0.1899606319578861,0.18333297558642728,1.7355078048228507,0.9176928859666837,2.779192133022934,3.5755698754088816,1.74491784033997
0.32906487960940367,0.19508143539204545,0.1876756754903757,1.7782882348419466,1.032253193778025,2.727237296337559,3.536282841687467,1.8197530270423856
0.274721555242995,0.21595515328669931,0.16857647768202214,1.3836708621623857,0.9829786900626512,2.8102838776560155,3.5343754442268667,1.7285807694395467
0.2753802457258995,0.21830409223020888,0.1572144919623568,1.3479700996396184,0.9342571579332898,2.786391803576317,3.478123217944188,1.8797005754397396
0.3591533617291091,0.18593613404400752,0.16838830332908147,2.39253495791054,0.6907444281827873,2.7396226558895584,3.6972514304624386,2.0051917716634606
0.37456213484766737,0.16975414594141483,0.1590458896037574,2.330319624549031,0.7391639367623587,2.7769693373538837,3.794974473026111,1.8756643690240287
0.31391404410208834,0.1797460346578553,0.12671866066158935,2.2020705008113213,0.5326990647561367,2.8847012211413277,3.724958853456415,1.8935194381804668
0.27204524252835854,0.18354940019909632,0.10668247032485773,1.750050615470957,0.520378665140346,3.0626070483738705,3.851762810954035,1.9137591200733215
0.2583905427274561,0.1788872193136321,0.1058436649344483,1.6089160870839057,0.5258336472309564,3.1364483624247512,3.877370568164662,1.9699479387314491
0.32320828717998545,0.22374114241003715,0.12279138708405958,2.175918178544547,0.5156476657950307,2.5230913566717477,2.9579894011590806,2.6451946496404943
0.3064342781319811,0.2668682544801664,0.12741407731396195,2.050776454028851,0.5182690343393094,2.353939399576738,2.4829864444406367,2.998008929420021
0.38645644591002565,0.19523650311356366,0.14324795092163398,1.9738350485685814,0.5118557669886866,2.729801595398798,3.2742841774452267,1.4301021097709625
0.3668432676164507,0.15560216806731347,0.12904847368904745,1.518133730112192,0.8463856397198422,2.9966186283661904,3.8281196498210606,2.464374752361978
0.3925786446694601,0.15279389555287595,0.18046112619226515,2.6502555074957685,0.5550591395070196,2.7897840988363294,3.40281406649372,1.622299776094092
0.38148810837834435,0.14807303028165386,0.1572607862924439,2.2908656950538075,0.5171778494062559,2.887691490375826,3.461158933444233,1.3855964939675067
0.3595063156208388,0.2084521306300909,0.16441375479193562,2.6881744360996818,0.5501760193949461,2.6125039174430813,2.923780253404597,2.4073290120325903
0.36275991921179573,0.2179525474856673,0.16910629183018885,2.616072691522224,0.5694070656740686,2.55463468746497,2.8692683576876026,2.332602188372383
0.37107246786827053,0.1917450752505996,0.16305622701585104,2.544820271878173,0.584532211523743,2.703839327543382,3.1395677428527238,2.0868909865729615
0.28189024700325166,0.24593248794722772,0.15928295997420325,2.061360646980711,0.5811200789349397,2.5916176456212647,2.8059752370630617,2.274636921032271
0.2776808870898451,0.16243632278569178,0.15952051147856824,1.5890464303118443,0.7976014654319957,2.9477565684266183,3.7547958084796056,1.6398172933889246
0.28464053034685116,0.16829174221138443,0.14813196062178483,1.5004135979774695,0.7324308563258021,2.885109288393637,3.7048674360479477,1.6147358190966083
0.39844018612786386,0.16198451271069103,0.18548048485880939,2.012203755500565,0.7849534265909709,2.678956865995748,3.24383201605996,1.4307541230708363
0.3565455585209249,0.2063449979228223,0.15590108980610837,2.2401273393008165,0.5426060104935215,2.6769544328001325,3.0755983840864842,1.7063473525703343
0.34793583507600134,0.20110823638012112,0.18353871751390297,2.5200866688067736,0.6907305960723829,2.7028406891971546,3.102795027508299,2.205810849934125
0.351703595810535,0.2467610237559151,0.18658754597102334,2.615299626535151,0.6120229131458433,2.48734172054861,2.50343804133906,2.463463005303023
0.3271500607493843,0.16424591040840067,0.16062494905648186,1.7834332062114713,0.6726852131540674,2.7629695164746098,3.3985852710071285,1.4235331355775742
0.3232055747652403,0.2331052718434898,0.19630947644822858,2.069395689954115,0.8231401525874672,2.6724131350699167,3.2137253262684973,1.4109912754954679
0.34244274041228523,0.19830748245601187,0.17366600402848426,2.1646879036894386,0.6882597608065424,2.7098764518196248,3.382402868058872,1.429001802873494
0.2902858109858169,0.2114164698715379,0.14550761124137448,2.1818344014847715,0.5905715405457813,2.6106529516449277,3.041785602060123,2.396039249668349
0.3401082442511837,0.25651030318743123,0.16320135980440229,2.1321820763522217,0.5886630413238197,2.389769591274433,2.439360418817094,2.4092520056456275
0.3002092616310519,0.22037728009673213,0.12868066714635196,2.0272769466893577,0.5133043553187439,2.5389236836941618,3.217337074278809,2.090114055677013
0.36925056189032374,0.2334318959683625,0.14198562328724387,1.5009975754983145,0.6031654572173973,2.528609828122847,2.508621865996651,2.007006151249712
0.38701650238725577,0.18474693951832155,0.1890508610939031,2.703651882654602,0.7183107626505213,2.75981612552669,3.5764313551124562,1.9126876102200063
0.2899763068846671,0.23273867409246768,0.12505803514804292,1.3582772014588498,0.694555986811094,2.7609690638366247,3.3859655723435162,2.103445250153702
0.2621815353357427,0.21807566498045103,0.1267751268390407,1.6402966281629694,0.5858648338308249,2.622579916530772,3.093122790003673,2.146627175649888
0.2724630709620294,0.2280510202039035,0.12836506228998162,1.5243947486816394,0.6605772229186546,2.5347290548374213,2.9654378430143,2.256299809413629
0.32193690811294184,0.2396751879711314,0.16522636462708734,1.2450132231081639,0.837683487281435,2.496236373846352,2.787630905394832,2.014863796681365
0.2969477496953758,0.2031975813290951,0.1586705407270885,1.8142493139880185,0.7910450161347565,2.8457904079474305,3.6056293010216325,2.0499896581732133
0.3247540944546087,0.21980468139027515,0.1831312471032695,2.3391277860988446,0.6968523137665136,2.5814712169930085,2.952001669686992,1.7381266273166551
0.2986977598797967,0.20235124257297218,0.1014245253009804,1.32196223675248,0.5333629059639614,2.7615753911328937,3.11851679697681,2.0404707230378123
0.4016237794802504,0.21893918104884072,0.0999341327599786,1.755558343151198,0.5396105800476975,2.6872593540443734,3.37298143418008,2.3396885811965045
